2024-11-08 10:47:30.575430, 405.0 
2024-11-08 10:47:30.588283, 404.0 
2024-11-08 10:47:30.600608, 404.0 
2024-11-08 10:47:30.612145, 404.0 
2024-11-08 10:47:30.616312, 403.0 
2024-11-08 10:47:30.732776, 404.0 
2024-11-08 10:47:30.732776, 403.0 
2024-11-08 10:47:30.732776, 403.0 
2024-11-08 10:47:30.732776, 402.0 
2024-11-08 10:47:30.732776, 402.0 
2024-11-08 10:47:30.802120, 401.0 
2024-11-08 10:47:30.803107, 402.0 
2024-11-08 10:47:30.803107, 400.0 
2024-11-08 10:47:30.803107, 400.0 
2024-11-08 10:47:30.804106, 400.0 
2024-11-08 10:47:30.847477, 400.0 
2024-11-08 10:47:30.847477, 399.0 
2024-11-08 10:47:30.849017, 399.0 
2024-11-08 10:47:30.850064, 398.0 
2024-11-08 10:47:30.850064, 398.0 
2024-11-08 10:47:30.908415, 398.0 
2024-11-08 10:47:30.909203, 397.0 
2024-11-08 10:47:30.909203, 398.0 
2024-11-08 10:47:30.909203, 397.0 
2024-11-08 10:47:30.909203, 397.0 
2024-11-08 10:47:30.964889, 397.0 
2024-11-08 10:47:30.964889, 396.0 
2024-11-08 10:47:30.964889, 396.0 
2024-11-08 10:47:30.964889, 395.0 
2024-11-08 10:47:30.969993, 396.0 
2024-11-08 10:47:31.010210, 395.0 
2024-11-08 10:47:31.010365, 394.0 
2024-11-08 10:47:31.010365, 394.0 
2024-11-08 10:47:31.011381, 394.0 
2024-11-08 10:47:31.011381, 394.0 
2024-11-08 10:47:31.046628, 393.0 
2024-11-08 10:47:31.048038, 393.0 
2024-11-08 10:47:31.048038, 393.0 
2024-11-08 10:47:31.049622, 393.0 
2024-11-08 10:47:31.063484, 392.0 
2024-11-08 10:47:31.122463, 392.0 
2024-11-08 10:47:31.123486, 391.0 
2024-11-08 10:47:31.124486, 391.0 
2024-11-08 10:47:31.125176, 391.0 
2024-11-08 10:47:31.125176, 390.0 
2024-11-08 10:47:31.164859, 390.0 
2024-11-08 10:47:31.164859, 390.0 
2024-11-08 10:47:31.180364, 389.0 
2024-11-08 10:47:31.180364, 389.0 
2024-11-08 10:47:31.180364, 389.0 
2024-11-08 10:47:31.270033, 389.0 
2024-11-08 10:47:31.271035, 389.0 
2024-11-08 10:47:31.272037, 388.0 
2024-11-08 10:47:31.273026, 388.0 
2024-11-08 10:47:31.273026, 387.0 
2024-11-08 10:47:31.345274, 387.0 
2024-11-08 10:47:31.345274, 387.0 
2024-11-08 10:47:31.345274, 386.0 
2024-11-08 10:47:31.345274, 386.0 
2024-11-08 10:47:31.345274, 386.0 
2024-11-08 10:47:31.401390, 386.0 
2024-11-08 10:47:31.401390, 385.0 
2024-11-08 10:47:31.402391, 386.0 
2024-11-08 10:47:31.403390, 385.0 
2024-11-08 10:47:31.404390, 385.0 
2024-11-08 10:47:31.471583, 384.0 
2024-11-08 10:47:31.471583, 384.0 
2024-11-08 10:47:31.481794, 384.0 
2024-11-08 10:47:31.481794, 384.0 
2024-11-08 10:47:31.482890, 383.0 
2024-11-08 10:47:31.572168, 383.0 
2024-11-08 10:47:31.573256, 383.0 
2024-11-08 10:47:31.574252, 383.0 
2024-11-08 10:47:31.574252, 382.0 
2024-11-08 10:47:31.574252, 382.0 
2024-11-08 10:47:31.623128, 382.0 
2024-11-08 10:47:31.623128, 381.0 
2024-11-08 10:47:31.624128, 381.0 
2024-11-08 10:47:31.624128, 381.0 
2024-11-08 10:47:31.624128, 380.0 
2024-11-08 10:47:31.665204, 380.0 
2024-11-08 10:47:31.671807, 380.0 
2024-11-08 10:47:31.671807, 379.0 
2024-11-08 10:47:31.672830, 379.0 
2024-11-08 10:47:31.672830, 379.0 
2024-11-08 10:47:31.715802, 379.0 
2024-11-08 10:47:31.715802, 379.0 
2024-11-08 10:47:31.715802, 378.0 
2024-11-08 10:47:31.722105, 378.0 
2024-11-08 10:47:31.722105, 378.0 
2024-11-08 10:47:31.792618, 378.0 
2024-11-08 10:47:31.792618, 377.0 
2024-11-08 10:47:31.793618, 377.0 
2024-11-08 10:47:31.794619, 377.0 
2024-11-08 10:47:31.795619, 377.0 
2024-11-08 10:47:31.872909, 376.0 
2024-11-08 10:47:31.872909, 376.0 
2024-11-08 10:47:31.873819, 376.0 
2024-11-08 10:47:31.873819, 375.0 
2024-11-08 10:47:31.874819, 376.0 
2024-11-08 10:47:31.915893, 375.0 
2024-11-08 10:47:31.915893, 375.0 
2024-11-08 10:47:31.915893, 375.0 
2024-11-08 10:47:31.915893, 374.0 
2024-11-08 10:47:31.927633, 375.0 
2024-11-08 10:47:31.976032, 374.0 
2024-11-08 10:47:31.977065, 374.0 
2024-11-08 10:47:31.977065, 373.0 
2024-11-08 10:47:31.978057, 373.0 
2024-11-08 10:47:31.978343, 373.0 
2024-11-08 10:47:32.014694, 373.0 
2024-11-08 10:47:32.014694, 372.0 
2024-11-08 10:47:32.019057, 372.0 
2024-11-08 10:47:32.019057, 372.0 
2024-11-08 10:47:32.019057, 371.0 
2024-11-08 10:47:32.092864, 371.0 
2024-11-08 10:47:32.092864, 371.0 
2024-11-08 10:47:32.092864, 370.0 
2024-11-08 10:47:32.092864, 370.0 
2024-11-08 10:47:32.092864, 370.0 
2024-11-08 10:47:32.133105, 370.0 
2024-11-08 10:47:32.133105, 369.0 
2024-11-08 10:47:32.133105, 369.0 
2024-11-08 10:47:32.133105, 369.0 
2024-11-08 10:47:32.148024, 368.0 
2024-11-08 10:47:32.226444, 368.0 
2024-11-08 10:47:32.227445, 368.0 
2024-11-08 10:47:32.228442, 367.0 
2024-11-08 10:47:32.229441, 368.0 
2024-11-08 10:47:32.230440, 367.0 
2024-11-08 10:47:32.269053, 367.0 
2024-11-08 10:47:32.269053, 367.0 
2024-11-08 10:47:32.269053, 366.0 
2024-11-08 10:47:32.269053, 366.0 
2024-11-08 10:47:32.270276, 366.0 
2024-11-08 10:47:32.314369, 366.0 
2024-11-08 10:47:32.314807, 366.0 
2024-11-08 10:47:32.315808, 365.0 
2024-11-08 10:47:32.316399, 365.0 
2024-11-08 10:47:32.316399, 365.0 
2024-11-08 10:47:32.357187, 365.0 
2024-11-08 10:47:32.357187, 365.0 
2024-11-08 10:47:32.359188, 365.0 
2024-11-08 10:47:32.365253, 364.0 
2024-11-08 10:47:32.365253, 364.0 
2024-11-08 10:47:32.434630, 363.0 
2024-11-08 10:47:32.435627, 364.0 
2024-11-08 10:47:32.435627, 363.0 
2024-11-08 10:47:32.437296, 363.0 
2024-11-08 10:47:32.437584, 362.0 
2024-11-08 10:47:32.498992, 363.0 
2024-11-08 10:47:32.498992, 362.0 
2024-11-08 10:47:32.498992, 362.0 
2024-11-08 10:47:32.498992, 362.0 
2024-11-08 10:47:32.498992, 361.0 
2024-11-08 10:47:32.564794, 361.0 
2024-11-08 10:47:32.565920, 361.0 
2024-11-08 10:47:32.565920, 361.0 
2024-11-08 10:47:32.566935, 361.0 
2024-11-08 10:47:32.566935, 360.0 
2024-11-08 10:47:32.598314, 361.0 
2024-11-08 10:47:32.598314, 360.0 
2024-11-08 10:47:32.598314, 360.0 
2024-11-08 10:47:32.613836, 360.0 
2024-11-08 10:47:32.613836, 359.0 
2024-11-08 10:47:32.670022, 360.0 
2024-11-08 10:47:32.671051, 359.0 
2024-11-08 10:47:32.671051, 358.0 
2024-11-08 10:47:32.677245, 358.0 
2024-11-08 10:47:32.688538, 358.0 
2024-11-08 10:47:32.727652, 358.0 
2024-11-08 10:47:32.729658, 358.0 
2024-11-08 10:47:32.729658, 357.0 
2024-11-08 10:47:32.729658, 357.0 
2024-11-08 10:47:32.745303, 357.0 
2024-11-08 10:47:32.787643, 356.0 
2024-11-08 10:47:32.788643, 356.0 
2024-11-08 10:47:32.788643, 356.0 
2024-11-08 10:47:32.799247, 356.0 
2024-11-08 10:47:32.811555, 356.0 
2024-11-08 10:47:32.856030, 355.0 
2024-11-08 10:47:32.857498, 356.0 
2024-11-08 10:47:32.857498, 355.0 
2024-11-08 10:47:32.864904, 355.0 
2024-11-08 10:47:32.877562, 355.0 
2024-11-08 10:47:32.929969, 355.0 
2024-11-08 10:47:32.929969, 354.0 
2024-11-08 10:47:32.929969, 354.0 
2024-11-08 10:47:32.929969, 353.0 
2024-11-08 10:47:32.929969, 354.0 
2024-11-08 10:47:32.988360, 354.0 
2024-11-08 10:47:32.988360, 354.0 
2024-11-08 10:47:32.988360, 354.0 
2024-11-08 10:47:32.988360, 353.0 
2024-11-08 10:47:33.000344, 353.0 
2024-11-08 10:47:33.032108, 353.0 
2024-11-08 10:47:33.040501, 352.0 
2024-11-08 10:47:33.041067, 352.0 
2024-11-08 10:47:33.048069, 352.0 
2024-11-08 10:47:33.048069, 351.0 
2024-11-08 10:47:33.100080, 351.0 
2024-11-08 10:47:33.101081, 351.0 
2024-11-08 10:47:33.102831, 351.0 
2024-11-08 10:47:33.115024, 351.0 
2024-11-08 10:47:33.126991, 350.0 
2024-11-08 10:47:33.163593, 350.0 
2024-11-08 10:47:33.163593, 350.0 
2024-11-08 10:47:33.163593, 349.0 
2024-11-08 10:47:33.163593, 350.0 
2024-11-08 10:47:33.188954, 349.0 
2024-11-08 10:47:33.234870, 349.0 
2024-11-08 10:47:33.235864, 349.0 
2024-11-08 10:47:33.235864, 349.0 
2024-11-08 10:47:33.237552, 349.0 
2024-11-08 10:47:33.248942, 349.0 
2024-11-08 10:47:33.295819, 348.0 
2024-11-08 10:47:33.295819, 348.0 
2024-11-08 10:47:33.295819, 348.0 
2024-11-08 10:47:33.295819, 348.0 
2024-11-08 10:47:33.312134, 348.0 
2024-11-08 10:47:33.382334, 347.0 
2024-11-08 10:47:33.382334, 348.0 
2024-11-08 10:47:33.398023, 348.0 
2024-11-08 10:47:33.398023, 347.0 
2024-11-08 10:47:33.398023, 347.0 
2024-11-08 10:47:33.458497, 347.0 
2024-11-08 10:47:33.459499, 347.0 
2024-11-08 10:47:33.459499, 347.0 
2024-11-08 10:47:33.459499, 346.0 
2024-11-08 10:47:33.460657, 347.0 
2024-11-08 10:47:33.499378, 346.0 
2024-11-08 10:47:33.499378, 346.0 
2024-11-08 10:47:33.499378, 346.0 
2024-11-08 10:47:33.499378, 345.0 
2024-11-08 10:47:33.499378, 345.0 
2024-11-08 10:47:33.556375, 345.0 
2024-11-08 10:47:33.557374, 345.0 
2024-11-08 10:47:33.557374, 345.0 
2024-11-08 10:47:33.557374, 344.0 
2024-11-08 10:47:33.561882, 344.0 
2024-11-08 10:47:33.614697, 344.0 
2024-11-08 10:47:33.614697, 344.0 
2024-11-08 10:47:33.614697, 344.0 
2024-11-08 10:47:33.614697, 344.0 
2024-11-08 10:47:33.627300, 343.0 
2024-11-08 10:47:33.675730, 343.0 
2024-11-08 10:47:33.675730, 343.0 
2024-11-08 10:47:33.675730, 342.0 
2024-11-08 10:47:33.676728, 343.0 
2024-11-08 10:47:33.687978, 342.0 
2024-11-08 10:47:33.732272, 342.0 
2024-11-08 10:47:33.732272, 342.0 
2024-11-08 10:47:33.732272, 342.0 
2024-11-08 10:47:33.732272, 341.0 
2024-11-08 10:47:33.750202, 342.0 
2024-11-08 10:47:33.797773, 341.0 
2024-11-08 10:47:33.797773, 341.0 
2024-11-08 10:47:33.797773, 341.0 
2024-11-08 10:47:33.797773, 341.0 
2024-11-08 10:47:33.812784, 341.0 
2024-11-08 10:47:33.861096, 340.0 
2024-11-08 10:47:33.861096, 341.0 
2024-11-08 10:47:33.861096, 340.0 
2024-11-08 10:47:33.864089, 340.0 
2024-11-08 10:47:33.877151, 339.0 
2024-11-08 10:47:33.929645, 340.0 
2024-11-08 10:47:33.929645, 339.0 
2024-11-08 10:47:33.929645, 340.0 
2024-11-08 10:47:33.929645, 339.0 
2024-11-08 10:47:33.935168, 340.0 
2024-11-08 10:47:33.984423, 339.0 
2024-11-08 10:47:33.984423, 339.0 
2024-11-08 10:47:33.984423, 339.0 
2024-11-08 10:47:33.987752, 339.0 
2024-11-08 10:47:34.000285, 339.0 
2024-11-08 10:47:34.055675, 339.0 
2024-11-08 10:47:34.055675, 339.0 
2024-11-08 10:47:34.055675, 339.0 
2024-11-08 10:47:34.055675, 338.0 
2024-11-08 10:47:34.060708, 338.0 
2024-11-08 10:47:34.103033, 338.0 
2024-11-08 10:47:34.103033, 338.0 
2024-11-08 10:47:34.103033, 338.0 
2024-11-08 10:47:34.103033, 337.0 
2024-11-08 10:47:34.116087, 337.0 
2024-11-08 10:47:34.173288, 338.0 
2024-11-08 10:47:34.174288, 337.0 
2024-11-08 10:47:34.175288, 337.0 
2024-11-08 10:47:34.175288, 337.0 
2024-11-08 10:47:34.188688, 336.0 
2024-11-08 10:47:34.261233, 337.0 
2024-11-08 10:47:34.261233, 337.0 
2024-11-08 10:47:34.261233, 337.0 
2024-11-08 10:47:34.261233, 336.0 
2024-11-08 10:47:34.261233, 336.0 
2024-11-08 10:47:34.319522, 335.0 
2024-11-08 10:47:34.319522, 335.0 
2024-11-08 10:47:34.319522, 335.0 
2024-11-08 10:47:34.319522, 336.0 
2024-11-08 10:47:34.319522, 336.0 
2024-11-08 10:47:34.367471, 335.0 
2024-11-08 10:47:34.368835, 335.0 
2024-11-08 10:47:34.368835, 335.0 
2024-11-08 10:47:34.368835, 335.0 
2024-11-08 10:47:34.370704, 335.0 
2024-11-08 10:47:34.415394, 335.0 
2024-11-08 10:47:34.415394, 335.0 
2024-11-08 10:47:34.415394, 335.0 
2024-11-08 10:47:34.415394, 334.0 
2024-11-08 10:47:34.432299, 334.0 
2024-11-08 10:47:34.479833, 334.0 
2024-11-08 10:47:34.480825, 334.0 
2024-11-08 10:47:34.481385, 334.0 
2024-11-08 10:47:34.487396, 333.0 
2024-11-08 10:47:34.499321, 333.0 
2024-11-08 10:47:34.531961, 334.0 
2024-11-08 10:47:34.531961, 333.0 
2024-11-08 10:47:34.531961, 334.0 
2024-11-08 10:47:34.563564, 332.0 
2024-11-08 10:47:34.621414, 333.0 
2024-11-08 10:47:34.621414, 333.0 
2024-11-08 10:47:34.621414, 333.0 
2024-11-08 10:47:34.622414, 333.0 
2024-11-08 10:47:34.626677, 332.0 
2024-11-08 10:47:34.680583, 332.0 
2024-11-08 10:47:34.680583, 332.0 
2024-11-08 10:47:34.680583, 332.0 
2024-11-08 10:47:34.680583, 332.0 
2024-11-08 10:47:34.680583, 331.0 
2024-11-08 10:47:34.739040, 332.0 
2024-11-08 10:47:34.739040, 332.0 
2024-11-08 10:47:34.740040, 331.0 
2024-11-08 10:47:34.740040, 331.0 
2024-11-08 10:47:34.749527, 331.0 
2024-11-08 10:47:34.810054, 331.0 
2024-11-08 10:47:34.810054, 330.0 
2024-11-08 10:47:34.812558, 331.0 
2024-11-08 10:47:34.812558, 330.0 
2024-11-08 10:47:34.814130, 330.0 
2024-11-08 10:47:34.852282, 330.0 
2024-11-08 10:47:34.852282, 330.0 
2024-11-08 10:47:34.852282, 329.0 
2024-11-08 10:47:34.859760, 330.0 
2024-11-08 10:47:34.876502, 330.0 
2024-11-08 10:47:34.932457, 330.0 
2024-11-08 10:47:34.933469, 330.0 
2024-11-08 10:47:34.935155, 330.0 
2024-11-08 10:47:34.935155, 330.0 
2024-11-08 10:47:34.937811, 330.0 
2024-11-08 10:47:34.985779, 330.0 
2024-11-08 10:47:34.985779, 329.0 
2024-11-08 10:47:34.985779, 330.0 
2024-11-08 10:47:34.987050, 330.0 
2024-11-08 10:47:34.999293, 330.0 
2024-11-08 10:47:35.049914, 330.0 
2024-11-08 10:47:35.049914, 329.0 
2024-11-08 10:47:35.049914, 330.0 
2024-11-08 10:47:35.052620, 330.0 
2024-11-08 10:47:35.064811, 330.0 
2024-11-08 10:47:35.117172, 329.0 
2024-11-08 10:47:35.117172, 329.0 
2024-11-08 10:47:35.117172, 329.0 
2024-11-08 10:47:35.117172, 329.0 
2024-11-08 10:47:35.117172, 329.0 
2024-11-08 10:47:35.199775, 329.0 
2024-11-08 10:47:35.199775, 328.0 
2024-11-08 10:47:35.199775, 328.0 
2024-11-08 10:47:35.199775, 328.0 
2024-11-08 10:47:35.199775, 328.0 
2024-11-08 10:47:35.282604, 328.0 
2024-11-08 10:47:35.284458, 328.0 
2024-11-08 10:47:35.284458, 328.0 
2024-11-08 10:47:35.284458, 328.0 
2024-11-08 10:47:35.284458, 327.0 
2024-11-08 10:47:35.382421, 327.0 
2024-11-08 10:47:35.382421, 328.0 
2024-11-08 10:47:35.382421, 327.0 
2024-11-08 10:47:35.389473, 327.0 
2024-11-08 10:47:35.389473, 327.0 
2024-11-08 10:47:35.482859, 327.0 
2024-11-08 10:47:35.482859, 327.0 
2024-11-08 10:47:35.493301, 327.0 
2024-11-08 10:47:35.493301, 327.0 
2024-11-08 10:47:35.494207, 327.0 
2024-11-08 10:47:35.549814, 327.0 
2024-11-08 10:47:35.549814, 327.0 
2024-11-08 10:47:35.549814, 326.0 
2024-11-08 10:47:35.549814, 326.0 
2024-11-08 10:47:35.549814, 326.0 
2024-11-08 10:47:35.631595, 326.0 
2024-11-08 10:47:35.632600, 326.0 
2024-11-08 10:47:35.633591, 326.0 
2024-11-08 10:47:35.635636, 326.0 
2024-11-08 10:47:35.636635, 326.0 
2024-11-08 10:47:35.713640, 325.0 
2024-11-08 10:47:35.715017, 325.0 
2024-11-08 10:47:35.715017, 326.0 
2024-11-08 10:47:35.716033, 325.0 
2024-11-08 10:47:35.716033, 325.0 
2024-11-08 10:47:35.775511, 325.0 
2024-11-08 10:47:35.776511, 325.0 
2024-11-08 10:47:35.776511, 325.0 
2024-11-08 10:47:35.777511, 325.0 
2024-11-08 10:47:35.778511, 324.0 
2024-11-08 10:47:35.836117, 325.0 
2024-11-08 10:47:35.837117, 324.0 
2024-11-08 10:47:35.838118, 324.0 
2024-11-08 10:47:35.839117, 324.0 
2024-11-08 10:47:35.839117, 324.0 
2024-11-08 10:47:35.902055, 324.0 
2024-11-08 10:47:35.902055, 324.0 
2024-11-08 10:47:35.902055, 324.0 
2024-11-08 10:47:35.902055, 323.0 
2024-11-08 10:47:35.902055, 324.0 
2024-11-08 10:47:35.946309, 324.0 
2024-11-08 10:47:35.946309, 323.0 
2024-11-08 10:47:35.946309, 324.0 
2024-11-08 10:47:35.947309, 323.0 
2024-11-08 10:47:35.947309, 324.0 
2024-11-08 10:47:35.996580, 323.0 
2024-11-08 10:47:35.997615, 323.0 
2024-11-08 10:47:35.998361, 323.0 
2024-11-08 10:47:35.998361, 322.0 
2024-11-08 10:47:35.998361, 323.0 
2024-11-08 10:47:36.043718, 322.0 
2024-11-08 10:47:36.043718, 322.0 
2024-11-08 10:47:36.044715, 322.0 
2024-11-08 10:47:36.044715, 321.0 
2024-11-08 10:47:36.044715, 322.0 
2024-11-08 10:47:36.104116, 322.0 
2024-11-08 10:47:36.105124, 321.0 
2024-11-08 10:47:36.106106, 322.0 
2024-11-08 10:47:36.106106, 321.0 
2024-11-08 10:47:36.107115, 321.0 
2024-11-08 10:47:36.151373, 321.0 
2024-11-08 10:47:36.151373, 321.0 
2024-11-08 10:47:36.152372, 321.0 
2024-11-08 10:47:36.152372, 321.0 
2024-11-08 10:47:36.152372, 321.0 
2024-11-08 10:47:36.215153, 320.0 
2024-11-08 10:47:36.215153, 320.0 
2024-11-08 10:47:36.215153, 320.0 
2024-11-08 10:47:36.216311, 320.0 
2024-11-08 10:47:36.216311, 320.0 
2024-11-08 10:47:36.311536, 320.0 
2024-11-08 10:47:36.311536, 320.0 
2024-11-08 10:47:36.311536, 320.0 
2024-11-08 10:47:36.311536, 320.0 
2024-11-08 10:47:36.311536, 320.0 
2024-11-08 10:47:36.367129, 320.0 
2024-11-08 10:47:36.368131, 320.0 
2024-11-08 10:47:36.369131, 320.0 
2024-11-08 10:47:36.369131, 319.0 
2024-11-08 10:47:36.370127, 319.0 
2024-11-08 10:47:36.417314, 319.0 
2024-11-08 10:47:36.417314, 319.0 
2024-11-08 10:47:36.417314, 319.0 
2024-11-08 10:47:36.417314, 319.0 
2024-11-08 10:47:36.417314, 319.0 
2024-11-08 10:47:36.490241, 319.0 
2024-11-08 10:47:36.490241, 319.0 
2024-11-08 10:47:36.490241, 318.0 
2024-11-08 10:47:36.490241, 319.0 
2024-11-08 10:47:36.490241, 318.0 
2024-11-08 10:47:36.544299, 318.0 
2024-11-08 10:47:36.544299, 318.0 
2024-11-08 10:47:36.545292, 317.0 
2024-11-08 10:47:36.545292, 318.0 
2024-11-08 10:47:36.545292, 318.0 
2024-11-08 10:47:36.597864, 318.0 
2024-11-08 10:47:36.602139, 318.0 
2024-11-08 10:47:36.602139, 318.0 
2024-11-08 10:47:36.602995, 318.0 
2024-11-08 10:47:36.602995, 318.0 
2024-11-08 10:47:36.676049, 318.0 
2024-11-08 10:47:36.677057, 317.0 
2024-11-08 10:47:36.678047, 317.0 
2024-11-08 10:47:36.679055, 317.0 
2024-11-08 10:47:36.680053, 317.0 
2024-11-08 10:47:36.745680, 317.0 
2024-11-08 10:47:36.745680, 317.0 
2024-11-08 10:47:36.746674, 317.0 
2024-11-08 10:47:36.746674, 317.0 
2024-11-08 10:47:36.746674, 317.0 
2024-11-08 10:47:36.801393, 317.0 
2024-11-08 10:47:36.802389, 317.0 
2024-11-08 10:47:36.805610, 316.0 
2024-11-08 10:47:36.806602, 317.0 
2024-11-08 10:47:36.806602, 317.0 
2024-11-08 10:47:36.857330, 317.0 
2024-11-08 10:47:36.858326, 316.0 
2024-11-08 10:47:36.859322, 316.0 
2024-11-08 10:47:36.860322, 316.0 
2024-11-08 10:47:36.860322, 316.0 
2024-11-08 10:47:36.897087, 316.0 
2024-11-08 10:47:36.897087, 316.0 
2024-11-08 10:47:36.897087, 315.0 
2024-11-08 10:47:36.897087, 316.0 
2024-11-08 10:47:36.897087, 316.0 
2024-11-08 10:47:36.962377, 315.0 
2024-11-08 10:47:36.962377, 316.0 
2024-11-08 10:47:36.963377, 316.0 
2024-11-08 10:47:36.963377, 315.0 
2024-11-08 10:47:36.964378, 315.0 
2024-11-08 10:47:37.031055, 314.0 
2024-11-08 10:47:37.031055, 315.0 
2024-11-08 10:47:37.031055, 315.0 
2024-11-08 10:47:37.031055, 314.0 
2024-11-08 10:47:37.031055, 315.0 
2024-11-08 10:47:37.077674, 314.0 
2024-11-08 10:47:37.078667, 315.0 
2024-11-08 10:47:37.078667, 314.0 
2024-11-08 10:47:37.078667, 314.0 
2024-11-08 10:47:37.079674, 315.0 
2024-11-08 10:47:37.113084, 314.0 
2024-11-08 10:47:37.113084, 314.0 
2024-11-08 10:47:37.113084, 314.0 
2024-11-08 10:47:37.113084, 314.0 
2024-11-08 10:47:37.113084, 314.0 
2024-11-08 10:47:37.172147, 313.0 
2024-11-08 10:47:37.172147, 313.0 
2024-11-08 10:47:37.172147, 314.0 
2024-11-08 10:47:37.181530, 313.0 
2024-11-08 10:47:37.181530, 313.0 
2024-11-08 10:47:37.248516, 313.0 
2024-11-08 10:47:37.248516, 313.0 
2024-11-08 10:47:37.248516, 313.0 
2024-11-08 10:47:37.262649, 313.0 
2024-11-08 10:47:37.263658, 313.0 
2024-11-08 10:47:37.316830, 313.0 
2024-11-08 10:47:37.317819, 313.0 
2024-11-08 10:47:37.317819, 313.0 
2024-11-08 10:47:37.317819, 313.0 
2024-11-08 10:47:37.318819, 313.0 
2024-11-08 10:47:37.364432, 313.0 
2024-11-08 10:47:37.364432, 312.0 
2024-11-08 10:47:37.364432, 312.0 
2024-11-08 10:47:37.364432, 313.0 
2024-11-08 10:47:37.364432, 312.0 
2024-11-08 10:47:37.416976, 313.0 
2024-11-08 10:47:37.416976, 312.0 
2024-11-08 10:47:37.417944, 312.0 
2024-11-08 10:47:37.417944, 312.0 
2024-11-08 10:47:37.417944, 312.0 
2024-11-08 10:47:37.464799, 312.0 
2024-11-08 10:47:37.464799, 312.0 
2024-11-08 10:47:37.464799, 312.0 
2024-11-08 10:47:37.464799, 312.0 
2024-11-08 10:47:37.464799, 312.0 
2024-11-08 10:47:37.518667, 312.0 
2024-11-08 10:47:37.519667, 312.0 
2024-11-08 10:47:37.519667, 312.0 
2024-11-08 10:47:37.520667, 312.0 
2024-11-08 10:47:37.520667, 312.0 
2024-11-08 10:47:37.547949, 312.0 
2024-11-08 10:47:37.547949, 312.0 
2024-11-08 10:47:37.547949, 312.0 
2024-11-08 10:47:37.547949, 312.0 
2024-11-08 10:47:37.547949, 312.0 
2024-11-08 10:47:37.615776, 312.0 
2024-11-08 10:47:37.615776, 311.0 
2024-11-08 10:47:37.615776, 312.0 
2024-11-08 10:47:37.617257, 312.0 
2024-11-08 10:47:37.623537, 311.0 
2024-11-08 10:47:37.665487, 312.0 
2024-11-08 10:47:37.665487, 311.0 
2024-11-08 10:47:37.665487, 311.0 
2024-11-08 10:47:37.665487, 311.0 
2024-11-08 10:47:37.681107, 311.0 
2024-11-08 10:47:37.727863, 311.0 
2024-11-08 10:47:37.727863, 311.0 
2024-11-08 10:47:37.727863, 311.0 
2024-11-08 10:47:37.734589, 311.0 
2024-11-08 10:47:37.747285, 311.0 
2024-11-08 10:47:37.795918, 311.0 
2024-11-08 10:47:37.795918, 311.0 
2024-11-08 10:47:37.798423, 311.0 
2024-11-08 10:47:37.798423, 311.0 
2024-11-08 10:47:37.811928, 310.0 
2024-11-08 10:47:37.860370, 311.0 
2024-11-08 10:47:37.861435, 311.0 
2024-11-08 10:47:37.861435, 311.0 
2024-11-08 10:47:37.862262, 311.0 
2024-11-08 10:47:37.873944, 310.0 
2024-11-08 10:47:37.924050, 310.0 
2024-11-08 10:47:37.924050, 310.0 
2024-11-08 10:47:37.924050, 309.0 
2024-11-08 10:47:37.924050, 309.0 
2024-11-08 10:47:37.935452, 310.0 
2024-11-08 10:47:37.964787, 309.0 
2024-11-08 10:47:37.964787, 310.0 
2024-11-08 10:47:37.964787, 309.0 
2024-11-08 10:47:37.980291, 309.0 
2024-11-08 10:47:37.995995, 310.0 
2024-11-08 10:47:38.045558, 309.0 
2024-11-08 10:47:38.045558, 310.0 
2024-11-08 10:47:38.045558, 310.0 
2024-11-08 10:47:38.050334, 309.0 
2024-11-08 10:47:38.062340, 310.0 
2024-11-08 10:47:38.113949, 309.0 
2024-11-08 10:47:38.113949, 309.0 
2024-11-08 10:47:38.113949, 309.0 
2024-11-08 10:47:38.113949, 309.0 
2024-11-08 10:47:38.121103, 309.0 
2024-11-08 10:47:38.172935, 309.0 
2024-11-08 10:47:38.172935, 309.0 
2024-11-08 10:47:38.172935, 309.0 
2024-11-08 10:47:38.172935, 309.0 
2024-11-08 10:47:38.181386, 309.0 
2024-11-08 10:47:38.247010, 310.0 
2024-11-08 10:47:38.247010, 309.0 
2024-11-08 10:47:38.248151, 309.0 
2024-11-08 10:47:38.249166, 309.0 
2024-11-08 10:47:38.251310, 309.0 
2024-11-08 10:47:38.330257, 309.0 
2024-11-08 10:47:38.330257, 308.0 
2024-11-08 10:47:38.330257, 309.0 
2024-11-08 10:47:38.330257, 309.0 
2024-11-08 10:47:38.330257, 308.0 
2024-11-08 10:47:38.400315, 308.0 
2024-11-08 10:47:38.400315, 308.0 
2024-11-08 10:47:38.401313, 308.0 
2024-11-08 10:47:38.401313, 308.0 
2024-11-08 10:47:38.401313, 308.0 
2024-11-08 10:47:38.448177, 308.0 
2024-11-08 10:47:38.448177, 308.0 
2024-11-08 10:47:38.448177, 308.0 
2024-11-08 10:47:38.448177, 308.0 
2024-11-08 10:47:38.448177, 308.0 
2024-11-08 10:47:38.512144, 308.0 
2024-11-08 10:47:38.512144, 308.0 
2024-11-08 10:47:38.513134, 308.0 
2024-11-08 10:47:38.513134, 307.0 
2024-11-08 10:47:38.514133, 308.0 
2024-11-08 10:47:38.563788, 307.0 
2024-11-08 10:47:38.563788, 308.0 
2024-11-08 10:47:38.563788, 307.0 
2024-11-08 10:47:38.563788, 308.0 
2024-11-08 10:47:38.563788, 307.0 
2024-11-08 10:47:38.621790, 307.0 
2024-11-08 10:47:38.621790, 308.0 
2024-11-08 10:47:38.622782, 308.0 
2024-11-08 10:47:38.622782, 307.0 
2024-11-08 10:47:38.624085, 307.0 
2024-11-08 10:47:38.679285, 308.0 
2024-11-08 10:47:38.679285, 307.0 
2024-11-08 10:47:38.679285, 307.0 
2024-11-08 10:47:38.679285, 308.0 
2024-11-08 10:47:38.679285, 307.0 
2024-11-08 10:47:38.744331, 308.0 
2024-11-08 10:47:38.744331, 307.0 
2024-11-08 10:47:38.745324, 307.0 
2024-11-08 10:47:38.745324, 307.0 
2024-11-08 10:47:38.751054, 307.0 
2024-11-08 10:47:38.805754, 307.0 
2024-11-08 10:47:38.805754, 307.0 
2024-11-08 10:47:38.805754, 307.0 
2024-11-08 10:47:38.806893, 307.0 
2024-11-08 10:47:38.811863, 307.0 
2024-11-08 10:47:38.865113, 307.0 
2024-11-08 10:47:38.865113, 307.0 
2024-11-08 10:47:38.865113, 307.0 
2024-11-08 10:47:38.865113, 307.0 
2024-11-08 10:47:38.865113, 306.0 
2024-11-08 10:47:38.921873, 306.0 
2024-11-08 10:47:38.922873, 307.0 
2024-11-08 10:47:38.922873, 306.0 
2024-11-08 10:47:38.922873, 307.0 
2024-11-08 10:47:38.935048, 307.0 
2024-11-08 10:47:38.994534, 307.0 
2024-11-08 10:47:38.994534, 307.0 
2024-11-08 10:47:38.994534, 307.0 
2024-11-08 10:47:38.994534, 307.0 
2024-11-08 10:47:38.999649, 307.0 
2024-11-08 10:47:39.050121, 307.0 
2024-11-08 10:47:39.051122, 307.0 
2024-11-08 10:47:39.051122, 307.0 
2024-11-08 10:47:39.051122, 306.0 
2024-11-08 10:47:39.062306, 307.0 
2024-11-08 10:47:39.114219, 307.0 
2024-11-08 10:47:39.114219, 307.0 
2024-11-08 10:47:39.114219, 307.0 
2024-11-08 10:47:39.114219, 306.0 
2024-11-08 10:47:39.114219, 307.0 
2024-11-08 10:47:39.172789, 307.0 
2024-11-08 10:47:39.172789, 307.0 
2024-11-08 10:47:39.172789, 307.0 
2024-11-08 10:47:39.173783, 306.0 
2024-11-08 10:47:39.184637, 307.0 
2024-11-08 10:47:39.242553, 307.0 
2024-11-08 10:47:39.242553, 306.0 
2024-11-08 10:47:39.242553, 307.0 
2024-11-08 10:47:39.244058, 307.0 
2024-11-08 10:47:39.250651, 307.0 
2024-11-08 10:47:39.298687, 307.0 
2024-11-08 10:47:39.298687, 307.0 
2024-11-08 10:47:39.298687, 306.0 
2024-11-08 10:47:39.298687, 307.0 
2024-11-08 10:47:39.300887, 306.0 
2024-11-08 10:47:39.399231, 306.0 
2024-11-08 10:47:39.399231, 306.0 
2024-11-08 10:47:39.399231, 306.0 
2024-11-08 10:47:39.399231, 306.0 
2024-11-08 10:47:39.399231, 305.0 
2024-11-08 10:47:39.484316, 305.0 
2024-11-08 10:47:39.485354, 306.0 
2024-11-08 10:47:39.485354, 306.0 
2024-11-08 10:47:39.485354, 306.0 
2024-11-08 10:47:39.485354, 306.0 
2024-11-08 10:47:39.532233, 305.0 
2024-11-08 10:47:39.532233, 305.0 
2024-11-08 10:47:39.532233, 306.0 
2024-11-08 10:47:39.532233, 305.0 
2024-11-08 10:47:39.532233, 306.0 
2024-11-08 10:47:39.583716, 306.0 
2024-11-08 10:47:39.583716, 306.0 
2024-11-08 10:47:39.584855, 305.0 
2024-11-08 10:47:39.584855, 306.0 
2024-11-08 10:47:39.585829, 306.0 
2024-11-08 10:47:39.632174, 306.0 
2024-11-08 10:47:39.632174, 306.0 
2024-11-08 10:47:39.632174, 306.0 
2024-11-08 10:47:39.632174, 305.0 
2024-11-08 10:47:39.632174, 306.0 
2024-11-08 10:47:39.704655, 306.0 
2024-11-08 10:47:39.704655, 306.0 
2024-11-08 10:47:39.705652, 306.0 
2024-11-08 10:47:39.705652, 306.0 
2024-11-08 10:47:39.705652, 305.0 
2024-11-08 10:47:39.748007, 306.0 
2024-11-08 10:47:39.748007, 306.0 
2024-11-08 10:47:39.748007, 306.0 
2024-11-08 10:47:39.748007, 306.0 
2024-11-08 10:47:39.763662, 305.0 
2024-11-08 10:47:39.812960, 306.0 
2024-11-08 10:47:39.813966, 305.0 
2024-11-08 10:47:39.813966, 305.0 
2024-11-08 10:47:39.816256, 306.0 
2024-11-08 10:47:39.818254, 305.0 
2024-11-08 10:47:39.878950, 306.0 
2024-11-08 10:47:39.878950, 306.0 
2024-11-08 10:47:39.878950, 306.0 
2024-11-08 10:47:39.878950, 306.0 
2024-11-08 10:47:39.878950, 306.0 
2024-11-08 10:47:39.931829, 305.0 
2024-11-08 10:47:39.931829, 306.0 
2024-11-08 10:47:39.931829, 305.0 
2024-11-08 10:47:39.931829, 305.0 
2024-11-08 10:47:39.931829, 305.0 
2024-11-08 10:47:40.001198, 305.0 
2024-11-08 10:47:40.002199, 305.0 
2024-11-08 10:47:40.003198, 305.0 
2024-11-08 10:47:40.003198, 304.0 
2024-11-08 10:47:40.003198, 304.0 
2024-11-08 10:47:40.066302, 305.0 
2024-11-08 10:47:40.066302, 305.0 
2024-11-08 10:47:40.066302, 305.0 
2024-11-08 10:47:40.066302, 305.0 
2024-11-08 10:47:40.066302, 305.0 
2024-11-08 10:47:40.150170, 305.0 
2024-11-08 10:47:40.150983, 305.0 
2024-11-08 10:47:40.150983, 305.0 
2024-11-08 10:47:40.150983, 305.0 
2024-11-08 10:47:40.150983, 305.0 
2024-11-08 10:47:40.217165, 305.0 
2024-11-08 10:47:40.220852, 305.0 
2024-11-08 10:47:40.220852, 305.0 
2024-11-08 10:47:40.222095, 305.0 
2024-11-08 10:47:40.222095, 305.0 
2024-11-08 10:47:40.282817, 305.0 
2024-11-08 10:47:40.282817, 305.0 
2024-11-08 10:47:40.282817, 305.0 
2024-11-08 10:47:40.282817, 305.0 
2024-11-08 10:47:40.282817, 305.0 
2024-11-08 10:47:40.383540, 305.0 
2024-11-08 10:47:40.383540, 305.0 
2024-11-08 10:47:40.383540, 305.0 
2024-11-08 10:47:40.383540, 305.0 
2024-11-08 10:47:40.383540, 305.0 
2024-11-08 10:47:40.473582, 305.0 
2024-11-08 10:47:40.473582, 305.0 
2024-11-08 10:47:40.474691, 305.0 
2024-11-08 10:47:40.474691, 305.0 
2024-11-08 10:47:40.474691, 305.0 
2024-11-08 10:47:40.534296, 305.0 
2024-11-08 10:47:40.548110, 305.0 
2024-11-08 10:47:40.548974, 305.0 
2024-11-08 10:47:40.548974, 305.0 
2024-11-08 10:47:40.550386, 304.0 
2024-11-08 10:47:40.599580, 304.0 
2024-11-08 10:47:40.599580, 305.0 
2024-11-08 10:47:40.599580, 304.0 
2024-11-08 10:47:40.599580, 305.0 
2024-11-08 10:47:40.599580, 305.0 
2024-11-08 10:47:40.684089, 304.0 
2024-11-08 10:47:40.684089, 305.0 
2024-11-08 10:47:40.684089, 305.0 
2024-11-08 10:47:40.684089, 305.0 
2024-11-08 10:47:40.684089, 305.0 
2024-11-08 10:47:40.749957, 305.0 
2024-11-08 10:47:40.749957, 305.0 
2024-11-08 10:47:40.749957, 305.0 
2024-11-08 10:47:40.749957, 305.0 
2024-11-08 10:47:40.749957, 305.0 
2024-11-08 10:47:40.816343, 305.0 
2024-11-08 10:47:40.816343, 305.0 
2024-11-08 10:47:40.821758, 305.0 
2024-11-08 10:47:40.821758, 305.0 
2024-11-08 10:47:40.821758, 305.0 
2024-11-08 10:47:40.882128, 305.0 
2024-11-08 10:47:40.882128, 305.0 
2024-11-08 10:47:40.882128, 305.0 
2024-11-08 10:47:40.882128, 305.0 
2024-11-08 10:47:40.882128, 304.0 
2024-11-08 10:47:40.932355, 305.0 
2024-11-08 10:47:40.947361, 304.0 
2024-11-08 10:47:40.948023, 304.0 
2024-11-08 10:47:40.948023, 305.0 
2024-11-08 10:47:40.949028, 304.0 
2024-11-08 10:47:41.014892, 305.0 
2024-11-08 10:47:41.030522, 305.0 
2024-11-08 10:47:41.030522, 305.0 
2024-11-08 10:47:41.031483, 305.0 
2024-11-08 10:47:41.031483, 305.0 
2024-11-08 10:47:41.086017, 305.0 
2024-11-08 10:47:41.086017, 305.0 
2024-11-08 10:47:41.086017, 305.0 
2024-11-08 10:47:41.086017, 304.0 
2024-11-08 10:47:41.086017, 304.0 
2024-11-08 10:47:41.152144, 304.0 
2024-11-08 10:47:41.152144, 304.0 
2024-11-08 10:47:41.153144, 304.0 
2024-11-08 10:47:41.154143, 303.0 
2024-11-08 10:47:41.154143, 304.0 
2024-11-08 10:47:41.228780, 304.0 
2024-11-08 10:47:41.228780, 304.0 
2024-11-08 10:47:41.228780, 304.0 
2024-11-08 10:47:41.228780, 303.0 
2024-11-08 10:47:41.238300, 304.0 
2024-11-08 10:47:41.291499, 304.0 
2024-11-08 10:47:41.292500, 303.0 
2024-11-08 10:47:41.292500, 304.0 
2024-11-08 10:47:41.293501, 304.0 
2024-11-08 10:47:41.293501, 304.0 
2024-11-08 10:47:41.352711, 304.0 
2024-11-08 10:47:41.352711, 304.0 
2024-11-08 10:47:41.352711, 304.0 
2024-11-08 10:47:41.354102, 304.0 
2024-11-08 10:47:41.355115, 304.0 
2024-11-08 10:47:41.431277, 304.0 
2024-11-08 10:47:41.431277, 304.0 
2024-11-08 10:47:41.431277, 304.0 
2024-11-08 10:47:41.431277, 304.0 
2024-11-08 10:47:41.431277, 304.0 
2024-11-08 10:47:41.499315, 304.0 
2024-11-08 10:47:41.499315, 304.0 
2024-11-08 10:47:41.499315, 304.0 
2024-11-08 10:47:41.499315, 303.0 
2024-11-08 10:47:41.499315, 304.0 
2024-11-08 10:47:41.548946, 304.0 
2024-11-08 10:47:41.548946, 303.0 
2024-11-08 10:47:41.548946, 304.0 
2024-11-08 10:47:41.548946, 304.0 
2024-11-08 10:47:41.548946, 304.0 
2024-11-08 10:47:41.581968, 304.0 
2024-11-08 10:47:41.581968, 303.0 
2024-11-08 10:47:41.581968, 303.0 
2024-11-08 10:47:41.581968, 304.0 
2024-11-08 10:47:41.581968, 304.0 
2024-11-08 10:47:41.622157, 304.0 
2024-11-08 10:47:41.622157, 304.0 
2024-11-08 10:47:41.623157, 304.0 
2024-11-08 10:47:41.623157, 304.0 
2024-11-08 10:47:41.623157, 304.0 
2024-11-08 10:47:41.659345, 304.0 
2024-11-08 10:47:41.660346, 304.0 
2024-11-08 10:47:41.660346, 304.0 
2024-11-08 10:47:41.661341, 303.0 
2024-11-08 10:47:41.661341, 304.0 
2024-11-08 10:47:41.702080, 303.0 
2024-11-08 10:47:41.702080, 303.0 
2024-11-08 10:47:41.703079, 304.0 
2024-11-08 10:47:41.703079, 303.0 
2024-11-08 10:47:41.703079, 303.0 
2024-11-08 10:47:41.732784, 303.0 
2024-11-08 10:47:41.740611, 303.0 
2024-11-08 10:47:41.740611, 303.0 
2024-11-08 10:47:41.742288, 303.0 
2024-11-08 10:47:41.742288, 303.0 
2024-11-08 10:47:41.808294, 303.0 
2024-11-08 10:47:41.809295, 303.0 
2024-11-08 10:47:41.810293, 303.0 
2024-11-08 10:47:41.810954, 303.0 
2024-11-08 10:47:41.810954, 303.0 
2024-11-08 10:47:41.866489, 303.0 
2024-11-08 10:47:41.866489, 302.0 
2024-11-08 10:47:41.866489, 303.0 
2024-11-08 10:47:41.866489, 302.0 
2024-11-08 10:47:41.866489, 303.0 
2024-11-08 10:47:41.916725, 303.0 
2024-11-08 10:47:41.916725, 302.0 
2024-11-08 10:47:41.916725, 302.0 
2024-11-08 10:47:41.916725, 302.0 
2024-11-08 10:47:41.916725, 302.0 
2024-11-08 10:47:41.949353, 302.0 
2024-11-08 10:47:41.949353, 302.0 
2024-11-08 10:47:41.949353, 302.0 
2024-11-08 10:47:41.949353, 302.0 
2024-11-08 10:47:41.949353, 302.0 
2024-11-08 10:47:41.999341, 302.0 
2024-11-08 10:47:42.000354, 302.0 
2024-11-08 10:47:42.002341, 301.0 
2024-11-08 10:47:42.004373, 302.0 
2024-11-08 10:47:42.005338, 302.0 
2024-11-08 10:47:42.032571, 302.0 
2024-11-08 10:47:42.032571, 302.0 
2024-11-08 10:47:42.032571, 302.0 
2024-11-08 10:47:42.047694, 302.0 
2024-11-08 10:47:42.058085, 302.0 
2024-11-08 10:47:42.099772, 301.0 
2024-11-08 10:47:42.099772, 302.0 
2024-11-08 10:47:42.099772, 302.0 
2024-11-08 10:47:42.108386, 302.0 
2024-11-08 10:47:42.122062, 301.0 
2024-11-08 10:47:42.167298, 301.0 
2024-11-08 10:47:42.168293, 302.0 
2024-11-08 10:47:42.169286, 302.0 
2024-11-08 10:47:42.170996, 302.0 
2024-11-08 10:47:42.181322, 302.0 
2024-11-08 10:47:42.212579, 302.0 
2024-11-08 10:47:42.212579, 302.0 
2024-11-08 10:47:42.212579, 302.0 
2024-11-08 10:47:42.236548, 301.0 
2024-11-08 10:47:42.248346, 301.0 
2024-11-08 10:47:42.303859, 302.0 
2024-11-08 10:47:42.303859, 302.0 
2024-11-08 10:47:42.303859, 302.0 
2024-11-08 10:47:42.303859, 302.0 
2024-11-08 10:47:42.303859, 302.0 
2024-11-08 10:47:42.379739, 302.0 
2024-11-08 10:47:42.380746, 302.0 
2024-11-08 10:47:42.381664, 302.0 
2024-11-08 10:47:42.383706, 302.0 
2024-11-08 10:47:42.384699, 302.0 
2024-11-08 10:47:42.429102, 302.0 
2024-11-08 10:47:42.429102, 302.0 
2024-11-08 10:47:42.429102, 302.0 
2024-11-08 10:47:42.429102, 302.0 
2024-11-08 10:47:42.444715, 302.0 
2024-11-08 10:47:42.481974, 302.0 
2024-11-08 10:47:42.481974, 302.0 
2024-11-08 10:47:42.499596, 302.0 
2024-11-08 10:47:42.499596, 302.0 
2024-11-08 10:47:42.559146, 302.0 
2024-11-08 10:47:42.559146, 302.0 
2024-11-08 10:47:42.559146, 301.0 
2024-11-08 10:47:42.560154, 302.0 
2024-11-08 10:47:42.560154, 301.0 
2024-11-08 10:47:42.616997, 302.0 
2024-11-08 10:47:42.616997, 301.0 
2024-11-08 10:47:42.616997, 302.0 
2024-11-08 10:47:42.616997, 301.0 
2024-11-08 10:47:42.616997, 302.0 
2024-11-08 10:47:42.683286, 301.0 
2024-11-08 10:47:42.683286, 302.0 
2024-11-08 10:47:42.683286, 302.0 
2024-11-08 10:47:42.683286, 301.0 
2024-11-08 10:47:42.683286, 301.0 
2024-11-08 10:47:42.749704, 302.0 
2024-11-08 10:47:42.749704, 302.0 
2024-11-08 10:47:42.749704, 302.0 
2024-11-08 10:47:42.749704, 302.0 
2024-11-08 10:47:42.749704, 301.0 
2024-11-08 10:47:42.799854, 302.0 
2024-11-08 10:47:42.799854, 302.0 
2024-11-08 10:47:42.799854, 302.0 
2024-11-08 10:47:42.799854, 301.0 
2024-11-08 10:47:42.799854, 302.0 
2024-11-08 10:47:42.850164, 302.0 
2024-11-08 10:47:42.850164, 302.0 
2024-11-08 10:47:42.850164, 301.0 
2024-11-08 10:47:42.850164, 302.0 
2024-11-08 10:47:42.866444, 301.0 
2024-11-08 10:47:42.899060, 302.0 
2024-11-08 10:47:42.899060, 302.0 
2024-11-08 10:47:42.899060, 302.0 
2024-11-08 10:47:42.915096, 302.0 
2024-11-08 10:47:42.932098, 302.0 
2024-11-08 10:47:42.966056, 302.0 
2024-11-08 10:47:42.981169, 302.0 
2024-11-08 10:47:42.981758, 301.0 
2024-11-08 10:47:42.983199, 302.0 
2024-11-08 10:47:42.998245, 301.0 
2024-11-08 10:47:43.031926, 301.0 
2024-11-08 10:47:43.031926, 301.0 
2024-11-08 10:47:43.031926, 302.0 
2024-11-08 10:47:43.047041, 302.0 
2024-11-08 10:47:43.048197, 302.0 
2024-11-08 10:47:43.100025, 302.0 
2024-11-08 10:47:43.115085, 302.0 
2024-11-08 10:47:43.115633, 301.0 
2024-11-08 10:47:43.115633, 301.0 
2024-11-08 10:47:43.117064, 301.0 
2024-11-08 10:47:43.183691, 302.0 
2024-11-08 10:47:43.189686, 302.0 
2024-11-08 10:47:43.190686, 302.0 
2024-11-08 10:47:43.191686, 301.0 
2024-11-08 10:47:43.191686, 302.0 
2024-11-08 10:47:43.235726, 302.0 
2024-11-08 10:47:43.235726, 302.0 
2024-11-08 10:47:43.235726, 302.0 
2024-11-08 10:47:43.235726, 302.0 
2024-11-08 10:47:43.235726, 302.0 
2024-11-08 10:47:43.297875, 302.0 
2024-11-08 10:47:43.297875, 301.0 
2024-11-08 10:47:43.297875, 301.0 
2024-11-08 10:47:43.297875, 302.0 
2024-11-08 10:47:43.297875, 302.0 
2024-11-08 10:47:43.356224, 302.0 
2024-11-08 10:47:43.357224, 302.0 
2024-11-08 10:47:43.357224, 301.0 
2024-11-08 10:47:43.358707, 302.0 
2024-11-08 10:47:43.370125, 302.0 
2024-11-08 10:47:43.438519, 302.0 
2024-11-08 10:47:43.439511, 301.0 
2024-11-08 10:47:43.439511, 302.0 
2024-11-08 10:47:43.440722, 302.0 
2024-11-08 10:47:43.440722, 302.0 
2024-11-08 10:47:43.479824, 302.0 
2024-11-08 10:47:43.483569, 302.0 
2024-11-08 10:47:43.483569, 301.0 
2024-11-08 10:47:43.483569, 301.0 
2024-11-08 10:47:43.497417, 302.0 
2024-11-08 10:47:43.536586, 302.0 
2024-11-08 10:47:43.537586, 302.0 
2024-11-08 10:47:43.537586, 302.0 
2024-11-08 10:47:43.546034, 302.0 
2024-11-08 10:47:43.559504, 302.0 
2024-11-08 10:47:43.608573, 301.0 
2024-11-08 10:47:43.608573, 301.0 
2024-11-08 10:47:43.609976, 302.0 
2024-11-08 10:47:43.610482, 302.0 
2024-11-08 10:47:43.619451, 302.0 
2024-11-08 10:47:43.665433, 301.0 
2024-11-08 10:47:43.666859, 301.0 
2024-11-08 10:47:43.666859, 301.0 
2024-11-08 10:47:43.666859, 301.0 
2024-11-08 10:47:43.681440, 301.0 
2024-11-08 10:47:43.732516, 301.0 
2024-11-08 10:47:43.732516, 301.0 
2024-11-08 10:47:43.733516, 302.0 
2024-11-08 10:47:43.735514, 301.0 
2024-11-08 10:47:43.740249, 302.0 
2024-11-08 10:47:43.781488, 302.0 
2024-11-08 10:47:43.781488, 302.0 
2024-11-08 10:47:43.781488, 301.0 
2024-11-08 10:47:43.797114, 301.0 
2024-11-08 10:47:43.797114, 301.0 
2024-11-08 10:47:43.854781, 302.0 
2024-11-08 10:47:43.854781, 301.0 
2024-11-08 10:47:43.854781, 302.0 
2024-11-08 10:47:43.858435, 302.0 
2024-11-08 10:47:43.864731, 301.0 
2024-11-08 10:47:43.913514, 302.0 
2024-11-08 10:47:43.913514, 302.0 
2024-11-08 10:47:43.913514, 302.0 
2024-11-08 10:47:43.913514, 302.0 
2024-11-08 10:47:43.936019, 301.0 
2024-11-08 10:47:43.974815, 302.0 
2024-11-08 10:47:43.974815, 302.0 
2024-11-08 10:47:43.974815, 301.0 
2024-11-08 10:47:43.984715, 302.0 
2024-11-08 10:47:43.997787, 301.0 
2024-11-08 10:47:44.044386, 301.0 
2024-11-08 10:47:44.044386, 302.0 
2024-11-08 10:47:44.044386, 301.0 
2024-11-08 10:47:44.046908, 301.0 
2024-11-08 10:47:44.058696, 302.0 
2024-11-08 10:47:44.096275, 302.0 
2024-11-08 10:47:44.096275, 301.0 
2024-11-08 10:47:44.096275, 301.0 
2024-11-08 10:47:44.096275, 301.0 
2024-11-08 10:47:44.120461, 301.0 
2024-11-08 10:47:44.180391, 301.0 
2024-11-08 10:47:44.180391, 301.0 
2024-11-08 10:47:44.180391, 301.0 
2024-11-08 10:47:44.180391, 301.0 
2024-11-08 10:47:44.180391, 301.0 
2024-11-08 10:47:44.244258, 301.0 
2024-11-08 10:47:44.244258, 301.0 
2024-11-08 10:47:44.244258, 301.0 
2024-11-08 10:47:44.244258, 301.0 
2024-11-08 10:47:44.244258, 301.0 
2024-11-08 10:47:44.303411, 301.0 
2024-11-08 10:47:44.304412, 300.0 
2024-11-08 10:47:44.305414, 301.0 
2024-11-08 10:47:44.305414, 301.0 
2024-11-08 10:47:44.308411, 301.0 
2024-11-08 10:47:44.355183, 301.0 
2024-11-08 10:47:44.356175, 301.0 
2024-11-08 10:47:44.356175, 301.0 
2024-11-08 10:47:44.357305, 301.0 
2024-11-08 10:47:44.369967, 301.0 
2024-11-08 10:47:44.420350, 301.0 
2024-11-08 10:47:44.421351, 301.0 
2024-11-08 10:47:44.421351, 301.0 
2024-11-08 10:47:44.423362, 301.0 
2024-11-08 10:47:44.431444, 301.0 
2024-11-08 10:47:44.481840, 301.0 
2024-11-08 10:47:44.482846, 301.0 
2024-11-08 10:47:44.482846, 300.0 
2024-11-08 10:47:44.484854, 301.0 
2024-11-08 10:47:44.498846, 301.0 
2024-11-08 10:47:44.539081, 301.0 
2024-11-08 10:47:44.539081, 301.0 
2024-11-08 10:47:44.540082, 300.0 
2024-11-08 10:47:44.546453, 300.0 
2024-11-08 10:47:44.558739, 301.0 
2024-11-08 10:47:44.607223, 300.0 
2024-11-08 10:47:44.607223, 301.0 
2024-11-08 10:47:44.608222, 300.0 
2024-11-08 10:47:44.608222, 300.0 
2024-11-08 10:47:44.620136, 300.0 
2024-11-08 10:47:44.673899, 300.0 
2024-11-08 10:47:44.673899, 300.0 
2024-11-08 10:47:44.673899, 300.0 
2024-11-08 10:47:44.675164, 300.0 
2024-11-08 10:47:44.683034, 300.0 
2024-11-08 10:47:44.736027, 301.0 
2024-11-08 10:47:44.736027, 300.0 
2024-11-08 10:47:44.737028, 300.0 
2024-11-08 10:47:44.737028, 300.0 
2024-11-08 10:47:44.746402, 300.0 
2024-11-08 10:47:44.789804, 300.0 
2024-11-08 10:47:44.790797, 300.0 
2024-11-08 10:47:44.790797, 300.0 
2024-11-08 10:47:44.796373, 299.0 
2024-11-08 10:47:44.799347, 299.0 
2024-11-08 10:47:44.853557, 300.0 
2024-11-08 10:47:44.853557, 300.0 
2024-11-08 10:47:44.853557, 300.0 
2024-11-08 10:47:44.856108, 299.0 
2024-11-08 10:47:44.869998, 299.0 
2024-11-08 10:47:44.899195, 300.0 
2024-11-08 10:47:44.899195, 299.0 
2024-11-08 10:47:44.899195, 299.0 
2024-11-08 10:47:44.914889, 299.0 
2024-11-08 10:47:44.935038, 300.0 
2024-11-08 10:47:44.974790, 299.0 
2024-11-08 10:47:44.974790, 300.0 
2024-11-08 10:47:44.974790, 299.0 
2024-11-08 10:47:44.983881, 299.0 
2024-11-08 10:47:44.996981, 298.0 
2024-11-08 10:47:45.031532, 299.0 
2024-11-08 10:47:45.031532, 299.0 
2024-11-08 10:47:45.043044, 299.0 
2024-11-08 10:47:45.044873, 299.0 
2024-11-08 10:47:45.058477, 299.0 
2024-11-08 10:47:45.114775, 299.0 
2024-11-08 10:47:45.114775, 299.0 
2024-11-08 10:47:45.114775, 299.0 
2024-11-08 10:47:45.114775, 299.0 
2024-11-08 10:47:45.114775, 299.0 
2024-11-08 10:47:45.177274, 299.0 
2024-11-08 10:47:45.189041, 299.0 
2024-11-08 10:47:45.190105, 299.0 
2024-11-08 10:47:45.190105, 299.0 
2024-11-08 10:47:45.190105, 299.0 
2024-11-08 10:47:45.253419, 299.0 
2024-11-08 10:47:45.254419, 299.0 
2024-11-08 10:47:45.254419, 299.0 
2024-11-08 10:47:45.255419, 299.0 
2024-11-08 10:47:45.255419, 299.0 
2024-11-08 10:47:45.307992, 299.0 
2024-11-08 10:47:45.307992, 299.0 
2024-11-08 10:47:45.308993, 299.0 
2024-11-08 10:47:45.308993, 299.0 
2024-11-08 10:47:45.308993, 298.0 
2024-11-08 10:47:45.347076, 299.0 
2024-11-08 10:47:45.347076, 299.0 
2024-11-08 10:47:45.347076, 299.0 
2024-11-08 10:47:45.347076, 299.0 
2024-11-08 10:47:45.362721, 299.0 
2024-11-08 10:47:45.422748, 299.0 
2024-11-08 10:47:45.422748, 299.0 
2024-11-08 10:47:45.424184, 299.0 
2024-11-08 10:47:45.424184, 299.0 
2024-11-08 10:47:45.435232, 298.0 
2024-11-08 10:47:45.464919, 299.0 
2024-11-08 10:47:45.464919, 299.0 
2024-11-08 10:47:45.464919, 299.0 
2024-11-08 10:47:45.480566, 299.0 
2024-11-08 10:47:45.496204, 299.0 
2024-11-08 10:47:45.543575, 298.0 
2024-11-08 10:47:45.544578, 299.0 
2024-11-08 10:47:45.545577, 299.0 
2024-11-08 10:47:45.546579, 299.0 
2024-11-08 10:47:45.558081, 298.0 
2024-11-08 10:47:45.613108, 299.0 
2024-11-08 10:47:45.613108, 299.0 
2024-11-08 10:47:45.613108, 299.0 
2024-11-08 10:47:45.613108, 299.0 
2024-11-08 10:47:45.613108, 299.0 
2024-11-08 10:47:45.665823, 299.0 
2024-11-08 10:47:45.666831, 299.0 
2024-11-08 10:47:45.666831, 300.0 
2024-11-08 10:47:45.672782, 299.0 
2024-11-08 10:47:45.684770, 299.0 
2024-11-08 10:47:45.731568, 300.0 
2024-11-08 10:47:45.731568, 299.0 
2024-11-08 10:47:45.732687, 299.0 
2024-11-08 10:47:45.734006, 299.0 
2024-11-08 10:47:45.746017, 299.0 
2024-11-08 10:47:45.797889, 298.0 
2024-11-08 10:47:45.797889, 299.0 
2024-11-08 10:47:45.797889, 299.0 
2024-11-08 10:47:45.797889, 299.0 
2024-11-08 10:47:45.797889, 299.0 
2024-11-08 10:47:45.847534, 299.0 
2024-11-08 10:47:45.848095, 299.0 
2024-11-08 10:47:45.848095, 300.0 
2024-11-08 10:47:45.857021, 299.0 
2024-11-08 10:47:45.869372, 300.0 
2024-11-08 10:47:45.914748, 299.0 
2024-11-08 10:47:45.915791, 299.0 
2024-11-08 10:47:45.915791, 300.0 
2024-11-08 10:47:45.922100, 299.0 
2024-11-08 10:47:45.931956, 299.0 
2024-11-08 10:47:45.973765, 299.0 
2024-11-08 10:47:45.975224, 299.0 
2024-11-08 10:47:45.975224, 298.0 
2024-11-08 10:47:45.983577, 299.0 
2024-11-08 10:47:45.996372, 299.0 
2024-11-08 10:47:46.059088, 299.0 
2024-11-08 10:47:46.059088, 299.0 
2024-11-08 10:47:46.060492, 299.0 
2024-11-08 10:47:46.060492, 298.0 
2024-11-08 10:47:46.061496, 299.0 
2024-11-08 10:47:46.115705, 299.0 
2024-11-08 10:47:46.115705, 300.0 
2024-11-08 10:47:46.115705, 300.0 
2024-11-08 10:47:46.115705, 299.0 
2024-11-08 10:47:46.115705, 300.0 
2024-11-08 10:47:46.181643, 300.0 
2024-11-08 10:47:46.181643, 300.0 
2024-11-08 10:47:46.181643, 299.0 
2024-11-08 10:47:46.181643, 299.0 
2024-11-08 10:47:46.181643, 300.0 
2024-11-08 10:47:46.230077, 300.0 
2024-11-08 10:47:46.231076, 300.0 
2024-11-08 10:47:46.231076, 300.0 
2024-11-08 10:47:46.232143, 299.0 
2024-11-08 10:47:46.232143, 300.0 
2024-11-08 10:47:46.289777, 300.0 
2024-11-08 10:47:46.289777, 300.0 
2024-11-08 10:47:46.290815, 300.0 
2024-11-08 10:47:46.294698, 299.0 
2024-11-08 10:47:46.307400, 300.0 
2024-11-08 10:47:46.348892, 300.0 
2024-11-08 10:47:46.348892, 300.0 
2024-11-08 10:47:46.348892, 300.0 
2024-11-08 10:47:46.348892, 299.0 
2024-11-08 10:47:46.362975, 300.0 
2024-11-08 10:47:46.412099, 300.0 
2024-11-08 10:47:46.412099, 299.0 
2024-11-08 10:47:46.413099, 299.0 
2024-11-08 10:47:46.422039, 299.0 
2024-11-08 10:47:46.432878, 299.0 
2024-11-08 10:47:46.483946, 299.0 
2024-11-08 10:47:46.484934, 299.0 
2024-11-08 10:47:46.485935, 299.0 
2024-11-08 10:47:46.487926, 299.0 
2024-11-08 10:47:46.493873, 299.0 
2024-11-08 10:47:46.562801, 299.0 
2024-11-08 10:47:46.562801, 299.0 
2024-11-08 10:47:46.562801, 300.0 
2024-11-08 10:47:46.578426, 299.0 
2024-11-08 10:47:46.578426, 299.0 
2024-11-08 10:47:46.619046, 299.0 
2024-11-08 10:47:46.619046, 299.0 
2024-11-08 10:47:46.619046, 299.0 
2024-11-08 10:47:46.619046, 299.0 
2024-11-08 10:47:46.619046, 299.0 
2024-11-08 10:47:46.665780, 299.0 
2024-11-08 10:47:46.665780, 300.0 
2024-11-08 10:47:46.665780, 299.0 
2024-11-08 10:47:46.677277, 299.0 
2024-11-08 10:47:46.681525, 299.0 
2024-11-08 10:47:46.729085, 299.0 
2024-11-08 10:47:46.730174, 300.0 
2024-11-08 10:47:46.730174, 299.0 
2024-11-08 10:47:46.733440, 299.0 
2024-11-08 10:47:46.745446, 300.0 
2024-11-08 10:47:46.796789, 300.0 
2024-11-08 10:47:46.796789, 299.0 
2024-11-08 10:47:46.796789, 300.0 
2024-11-08 10:47:46.796789, 299.0 
2024-11-08 10:47:46.796789, 300.0 
2024-11-08 10:47:46.848457, 299.0 
2024-11-08 10:47:46.848457, 300.0 
2024-11-08 10:47:46.848457, 299.0 
2024-11-08 10:47:46.848457, 300.0 
2024-11-08 10:47:46.872806, 299.0 
2024-11-08 10:47:46.915056, 300.0 
2024-11-08 10:47:46.915056, 300.0 
2024-11-08 10:47:46.915056, 300.0 
2024-11-08 10:47:46.915056, 300.0 
2024-11-08 10:47:46.933458, 299.0 
2024-11-08 10:47:46.998890, 300.0 
2024-11-08 10:47:46.998890, 299.0 
2024-11-08 10:47:46.998890, 299.0 
2024-11-08 10:47:46.998890, 299.0 
2024-11-08 10:47:46.998890, 299.0 
2024-11-08 10:47:47.059739, 299.0 
2024-11-08 10:47:47.062846, 299.0 
2024-11-08 10:47:47.062846, 299.0 
2024-11-08 10:47:47.062846, 299.0 
2024-11-08 10:47:47.064054, 299.0 
2024-11-08 10:47:47.098676, 298.0 
2024-11-08 10:47:47.098676, 300.0 
2024-11-08 10:47:47.098676, 299.0 
2024-11-08 10:47:47.103312, 299.0 
2024-11-08 10:47:47.115836, 299.0 
2024-11-08 10:47:47.159047, 299.0 
2024-11-08 10:47:47.164211, 299.0 
2024-11-08 10:47:47.164760, 299.0 
2024-11-08 10:47:47.171684, 299.0 
2024-11-08 10:47:47.183584, 299.0 
2024-11-08 10:47:47.214276, 299.0 
2024-11-08 10:47:47.214276, 299.0 
2024-11-08 10:47:47.229979, 299.0 
2024-11-08 10:47:47.229979, 299.0 
2024-11-08 10:47:47.245600, 300.0 
2024-11-08 10:47:47.286480, 299.0 
2024-11-08 10:47:47.286480, 299.0 
2024-11-08 10:47:47.287489, 299.0 
2024-11-08 10:47:47.294550, 299.0 
2024-11-08 10:47:47.306956, 299.0 
2024-11-08 10:47:47.346845, 299.0 
2024-11-08 10:47:47.360442, 299.0 
2024-11-08 10:47:47.360442, 298.0 
2024-11-08 10:47:47.361701, 299.0 
2024-11-08 10:47:47.372396, 299.0 
2024-11-08 10:47:47.413111, 299.0 
2024-11-08 10:47:47.413111, 299.0 
2024-11-08 10:47:47.414112, 300.0 
2024-11-08 10:47:47.420925, 300.0 
2024-11-08 10:47:47.432615, 299.0 
2024-11-08 10:47:47.495665, 300.0 
2024-11-08 10:47:47.495665, 299.0 
2024-11-08 10:47:47.502965, 299.0 
2024-11-08 10:47:47.502965, 300.0 
2024-11-08 10:47:47.502965, 299.0 
2024-11-08 10:47:47.539145, 299.0 
2024-11-08 10:47:47.539145, 299.0 
2024-11-08 10:47:47.548384, 299.0 
2024-11-08 10:47:47.548384, 299.0 
2024-11-08 10:47:47.556807, 299.0 
2024-11-08 10:47:47.597959, 299.0 
2024-11-08 10:47:47.597959, 300.0 
2024-11-08 10:47:47.597959, 299.0 
2024-11-08 10:47:47.609702, 300.0 
2024-11-08 10:47:47.620398, 300.0 
2024-11-08 10:47:47.665905, 299.0 
2024-11-08 10:47:47.665905, 300.0 
2024-11-08 10:47:47.665905, 299.0 
2024-11-08 10:47:47.671482, 299.0 
2024-11-08 10:47:47.682012, 299.0 
2024-11-08 10:47:47.739588, 300.0 
2024-11-08 10:47:47.739588, 300.0 
2024-11-08 10:47:47.739588, 300.0 
2024-11-08 10:47:47.739588, 299.0 
2024-11-08 10:47:47.739588, 299.0 
2024-11-08 10:47:47.783422, 299.0 
2024-11-08 10:47:47.791445, 299.0 
2024-11-08 10:47:47.791445, 300.0 
2024-11-08 10:47:47.791445, 299.0 
2024-11-08 10:47:47.815977, 300.0 
2024-11-08 10:47:47.858895, 299.0 
2024-11-08 10:47:47.858895, 299.0 
2024-11-08 10:47:47.858895, 300.0 
2024-11-08 10:47:47.858895, 299.0 
2024-11-08 10:47:47.865931, 299.0 
2024-11-08 10:47:47.932775, 300.0 
2024-11-08 10:47:47.932775, 300.0 
2024-11-08 10:47:47.941746, 299.0 
2024-11-08 10:47:47.941746, 300.0 
2024-11-08 10:47:47.942509, 299.0 
2024-11-08 10:47:48.016568, 299.0 
2024-11-08 10:47:48.016568, 300.0 
2024-11-08 10:47:48.031508, 300.0 
2024-11-08 10:47:48.032520, 299.0 
2024-11-08 10:47:48.033159, 299.0 
2024-11-08 10:47:48.099090, 299.0 
2024-11-08 10:47:48.099090, 299.0 
2024-11-08 10:47:48.099090, 299.0 
2024-11-08 10:47:48.099090, 299.0 
2024-11-08 10:47:48.110637, 299.0 
2024-11-08 10:47:48.149179, 300.0 
2024-11-08 10:47:48.163417, 299.0 
2024-11-08 10:47:48.164702, 299.0 
2024-11-08 10:47:48.164702, 299.0 
2024-11-08 10:47:48.165711, 298.0 
2024-11-08 10:47:48.206807, 299.0 
2024-11-08 10:47:48.206807, 299.0 
2024-11-08 10:47:48.207801, 299.0 
2024-11-08 10:47:48.207801, 298.0 
2024-11-08 10:47:48.207801, 299.0 
2024-11-08 10:47:48.231920, 299.0 
2024-11-08 10:47:48.246927, 300.0 
2024-11-08 10:47:48.248283, 299.0 
2024-11-08 10:47:48.248339, 300.0 
2024-11-08 10:47:48.248339, 300.0 
2024-11-08 10:47:48.288972, 299.0 
2024-11-08 10:47:48.295224, 299.0 
2024-11-08 10:47:48.295224, 299.0 
2024-11-08 10:47:48.296605, 299.0 
2024-11-08 10:47:48.306375, 299.0 
2024-11-08 10:47:48.361455, 299.0 
2024-11-08 10:47:48.361455, 299.0 
2024-11-08 10:47:48.362452, 300.0 
2024-11-08 10:47:48.362452, 298.0 
2024-11-08 10:47:48.371447, 299.0 
2024-11-08 10:47:48.417791, 299.0 
2024-11-08 10:47:48.417791, 298.0 
2024-11-08 10:47:48.417791, 299.0 
2024-11-08 10:47:48.420791, 298.0 
2024-11-08 10:47:48.433282, 299.0 
2024-11-08 10:47:48.464767, 299.0 
2024-11-08 10:47:48.464767, 298.0 
2024-11-08 10:47:48.464767, 299.0 
2024-11-08 10:47:48.479074, 299.0 
2024-11-08 10:47:48.494017, 298.0 
2024-11-08 10:47:48.545497, 299.0 
2024-11-08 10:47:48.545497, 299.0 
2024-11-08 10:47:48.546916, 299.0 
2024-11-08 10:47:48.546916, 299.0 
2024-11-08 10:47:48.555514, 298.0 
2024-11-08 10:47:48.600148, 298.0 
2024-11-08 10:47:48.602141, 299.0 
2024-11-08 10:47:48.602141, 299.0 
2024-11-08 10:47:48.605838, 299.0 
2024-11-08 10:47:48.621694, 298.0 
2024-11-08 10:47:48.663529, 298.0 
2024-11-08 10:47:48.665763, 298.0 
2024-11-08 10:47:48.670799, 298.0 
2024-11-08 10:47:48.682488, 298.0 
2024-11-08 10:47:48.724675, 299.0 
2024-11-08 10:47:48.724675, 298.0 
2024-11-08 10:47:48.724675, 298.0 
2024-11-08 10:47:48.731579, 298.0 
2024-11-08 10:47:48.744826, 298.0 
2024-11-08 10:47:48.796840, 298.0 
2024-11-08 10:47:48.796840, 298.0 
2024-11-08 10:47:48.810074, 298.0 
2024-11-08 10:47:48.810074, 298.0 
2024-11-08 10:47:48.810074, 298.0 
2024-11-08 10:47:48.884983, 298.0 
2024-11-08 10:47:48.885975, 298.0 
2024-11-08 10:47:48.887976, 298.0 
2024-11-08 10:47:48.889975, 298.0 
2024-11-08 10:47:48.891976, 298.0 
2024-11-08 10:47:48.956185, 298.0 
2024-11-08 10:47:48.956185, 298.0 
2024-11-08 10:47:48.956185, 297.0 
2024-11-08 10:47:48.956185, 298.0 
2024-11-08 10:47:48.956185, 298.0 
2024-11-08 10:47:49.003901, 298.0 
2024-11-08 10:47:49.003901, 297.0 
2024-11-08 10:47:49.004903, 298.0 
2024-11-08 10:47:49.004903, 298.0 
2024-11-08 10:47:49.005893, 298.0 
2024-11-08 10:47:49.044833, 298.0 
2024-11-08 10:47:49.044833, 298.0 
2024-11-08 10:47:49.048079, 297.0 
2024-11-08 10:47:49.048079, 299.0 
2024-11-08 10:47:49.055112, 298.0 
2024-11-08 10:47:49.097031, 297.0 
2024-11-08 10:47:49.097031, 298.0 
2024-11-08 10:47:49.097031, 298.0 
2024-11-08 10:47:49.097031, 297.0 
2024-11-08 10:47:49.112671, 298.0 
2024-11-08 10:47:49.148989, 298.0 
2024-11-08 10:47:49.148989, 298.0 
2024-11-08 10:47:49.148989, 297.0 
2024-11-08 10:47:49.170485, 298.0 
2024-11-08 10:47:49.182599, 298.0 
2024-11-08 10:47:49.234000, 297.0 
2024-11-08 10:47:49.234000, 298.0 
2024-11-08 10:47:49.234000, 298.0 
2024-11-08 10:47:49.234000, 298.0 
2024-11-08 10:47:49.239504, 298.0 
2024-11-08 10:47:49.285355, 298.0 
2024-11-08 10:47:49.285355, 298.0 
2024-11-08 10:47:49.286355, 298.0 
2024-11-08 10:47:49.293181, 298.0 
2024-11-08 10:47:49.305514, 298.0 
2024-11-08 10:47:49.357946, 298.0 
2024-11-08 10:47:49.357946, 298.0 
2024-11-08 10:47:49.357946, 298.0 
2024-11-08 10:47:49.358946, 298.0 
2024-11-08 10:47:49.367657, 298.0 
2024-11-08 10:47:49.415659, 298.0 
2024-11-08 10:47:49.415659, 298.0 
2024-11-08 10:47:49.424501, 298.0 
2024-11-08 10:47:49.424501, 297.0 
2024-11-08 10:47:49.431260, 297.0 
2024-11-08 10:47:49.494044, 297.0 
2024-11-08 10:47:49.494044, 298.0 
2024-11-08 10:47:49.494044, 298.0 
2024-11-08 10:47:49.494044, 297.0 
2024-11-08 10:47:49.498195, 297.0 
2024-11-08 10:47:49.532449, 297.0 
2024-11-08 10:47:49.532449, 297.0 
2024-11-08 10:47:49.532449, 298.0 
2024-11-08 10:47:49.532449, 297.0 
2024-11-08 10:47:49.546964, 298.0 
2024-11-08 10:47:49.599243, 297.0 
2024-11-08 10:47:49.599243, 298.0 
2024-11-08 10:47:49.599243, 297.0 
2024-11-08 10:47:49.610922, 298.0 
2024-11-08 10:47:49.620197, 298.0 
2024-11-08 10:47:49.672589, 298.0 
2024-11-08 10:47:49.673585, 298.0 
2024-11-08 10:47:49.673585, 298.0 
2024-11-08 10:47:49.675069, 298.0 
2024-11-08 10:47:49.681627, 298.0 
2024-11-08 10:47:49.726712, 297.0 
2024-11-08 10:47:49.726712, 297.0 
2024-11-08 10:47:49.727821, 298.0 
2024-11-08 10:47:49.731438, 297.0 
2024-11-08 10:47:49.743868, 298.0 
2024-11-08 10:47:49.806450, 298.0 
2024-11-08 10:47:49.807446, 298.0 
2024-11-08 10:47:49.808446, 298.0 
2024-11-08 10:47:49.809445, 297.0 
2024-11-08 10:47:49.810438, 298.0 
2024-11-08 10:47:49.893645, 298.0 
2024-11-08 10:47:49.894646, 298.0 
2024-11-08 10:47:49.896040, 298.0 
2024-11-08 10:47:49.896197, 298.0 
2024-11-08 10:47:49.896197, 298.0 
2024-11-08 10:47:49.983944, 298.0 
2024-11-08 10:47:49.983944, 298.0 
2024-11-08 10:47:49.983944, 298.0 
2024-11-08 10:47:49.983944, 297.0 
2024-11-08 10:47:49.983944, 298.0 
2024-11-08 10:47:50.033214, 298.0 
2024-11-08 10:47:50.033214, 297.0 
2024-11-08 10:47:50.033214, 298.0 
2024-11-08 10:47:50.033214, 298.0 
2024-11-08 10:47:50.033214, 297.0 
2024-11-08 10:47:50.099341, 297.0 
2024-11-08 10:47:50.099341, 297.0 
2024-11-08 10:47:50.099341, 297.0 
2024-11-08 10:47:50.099341, 297.0 
2024-11-08 10:47:50.099341, 298.0 
2024-11-08 10:47:50.166320, 297.0 
2024-11-08 10:47:50.166320, 298.0 
2024-11-08 10:47:50.166320, 297.0 
2024-11-08 10:47:50.166320, 297.0 
2024-11-08 10:47:50.166320, 297.0 
2024-11-08 10:47:50.236818, 297.0 
2024-11-08 10:47:50.236818, 297.0 
2024-11-08 10:47:50.237910, 297.0 
2024-11-08 10:47:50.237910, 298.0 
2024-11-08 10:47:50.238844, 297.0 
2024-11-08 10:47:50.300275, 297.0 
2024-11-08 10:47:50.300275, 298.0 
2024-11-08 10:47:50.300275, 297.0 
2024-11-08 10:47:50.300275, 298.0 
2024-11-08 10:47:50.300275, 297.0 
2024-11-08 10:47:50.349182, 297.0 
2024-11-08 10:47:50.349182, 298.0 
2024-11-08 10:47:50.349182, 297.0 
2024-11-08 10:47:50.349182, 297.0 
2024-11-08 10:47:50.349182, 297.0 
2024-11-08 10:47:50.415254, 297.0 
2024-11-08 10:47:50.415254, 297.0 
2024-11-08 10:47:50.415254, 297.0 
2024-11-08 10:47:50.415254, 297.0 
2024-11-08 10:47:50.415254, 297.0 
2024-11-08 10:47:50.465152, 297.0 
2024-11-08 10:47:50.465152, 297.0 
2024-11-08 10:47:50.465152, 297.0 
2024-11-08 10:47:50.465152, 297.0 
2024-11-08 10:47:50.465152, 297.0 
2024-11-08 10:47:50.515300, 297.0 
2024-11-08 10:47:50.515300, 297.0 
2024-11-08 10:47:50.515300, 297.0 
2024-11-08 10:47:50.515300, 297.0 
2024-11-08 10:47:50.515300, 296.0 
2024-11-08 10:47:50.549712, 296.0 
2024-11-08 10:47:50.565733, 297.0 
2024-11-08 10:47:50.566779, 297.0 
2024-11-08 10:47:50.566779, 297.0 
2024-11-08 10:47:50.566779, 296.0 
2024-11-08 10:47:50.616216, 297.0 
2024-11-08 10:47:50.616216, 297.0 
2024-11-08 10:47:50.616216, 297.0 
2024-11-08 10:47:50.633242, 297.0 
2024-11-08 10:47:50.633242, 297.0 
2024-11-08 10:47:50.673698, 297.0 
2024-11-08 10:47:50.673698, 297.0 
2024-11-08 10:47:50.673698, 297.0 
2024-11-08 10:47:50.673698, 297.0 
2024-11-08 10:47:50.681604, 297.0 
2024-11-08 10:47:50.716256, 297.0 
2024-11-08 10:47:50.716256, 297.0 
2024-11-08 10:47:50.716256, 297.0 
2024-11-08 10:47:50.716256, 297.0 
2024-11-08 10:47:50.733129, 297.0 
2024-11-08 10:47:50.799978, 297.0 
2024-11-08 10:47:50.799978, 297.0 
2024-11-08 10:47:50.799978, 297.0 
2024-11-08 10:47:50.799978, 297.0 
2024-11-08 10:47:50.799978, 297.0 
2024-11-08 10:47:50.881903, 297.0 
2024-11-08 10:47:50.881903, 297.0 
2024-11-08 10:47:50.881903, 297.0 
2024-11-08 10:47:50.881903, 297.0 
2024-11-08 10:47:50.881903, 298.0 
2024-11-08 10:47:50.933117, 297.0 
2024-11-08 10:47:50.933117, 297.0 
2024-11-08 10:47:50.933117, 297.0 
2024-11-08 10:47:50.933117, 297.0 
2024-11-08 10:47:50.933117, 297.0 
2024-11-08 10:47:50.989862, 297.0 
2024-11-08 10:47:50.989862, 297.0 
2024-11-08 10:47:50.989862, 297.0 
2024-11-08 10:47:50.989862, 297.0 
2024-11-08 10:47:50.989862, 297.0 
2024-11-08 10:47:51.031292, 297.0 
2024-11-08 10:47:51.031292, 297.0 
2024-11-08 10:47:51.031292, 297.0 
2024-11-08 10:47:51.031292, 297.0 
2024-11-08 10:47:51.047303, 297.0 
2024-11-08 10:47:51.107608, 297.0 
2024-11-08 10:47:51.108596, 297.0 
2024-11-08 10:47:51.109713, 297.0 
2024-11-08 10:47:51.110724, 298.0 
2024-11-08 10:47:51.115012, 297.0 
2024-11-08 10:47:51.181610, 297.0 
2024-11-08 10:47:51.181610, 298.0 
2024-11-08 10:47:51.181610, 298.0 
2024-11-08 10:47:51.182971, 297.0 
2024-11-08 10:47:51.183649, 297.0 
2024-11-08 10:47:51.239882, 297.0 
2024-11-08 10:47:51.241884, 298.0 
2024-11-08 10:47:51.242899, 298.0 
2024-11-08 10:47:51.242899, 298.0 
2024-11-08 10:47:51.242899, 298.0 
2024-11-08 10:47:51.286330, 297.0 
2024-11-08 10:47:51.292909, 298.0 
2024-11-08 10:47:51.293719, 297.0 
2024-11-08 10:47:51.293719, 297.0 
2024-11-08 10:47:51.307782, 297.0 
2024-11-08 10:47:51.359402, 298.0 
2024-11-08 10:47:51.360468, 298.0 
2024-11-08 10:47:51.360468, 298.0 
2024-11-08 10:47:51.361476, 298.0 
2024-11-08 10:47:51.371899, 298.0 
2024-11-08 10:47:51.436462, 298.0 
2024-11-08 10:47:51.437467, 298.0 
2024-11-08 10:47:51.438454, 298.0 
2024-11-08 10:47:51.439461, 298.0 
2024-11-08 10:47:51.440461, 298.0 
2024-11-08 10:47:51.505658, 298.0 
2024-11-08 10:47:51.505658, 298.0 
2024-11-08 10:47:51.506658, 298.0 
2024-11-08 10:47:51.506658, 298.0 
2024-11-08 10:47:51.506658, 298.0 
2024-11-08 10:47:51.548467, 298.0 
2024-11-08 10:47:51.548467, 298.0 
2024-11-08 10:47:51.548467, 298.0 
2024-11-08 10:47:51.548467, 298.0 
2024-11-08 10:47:51.548467, 298.0 
2024-11-08 10:47:51.615891, 298.0 
2024-11-08 10:47:51.616047, 298.0 
2024-11-08 10:47:51.616047, 298.0 
2024-11-08 10:47:51.617194, 298.0 
2024-11-08 10:47:51.619211, 297.0 
2024-11-08 10:47:51.692861, 297.0 
2024-11-08 10:47:51.693873, 298.0 
2024-11-08 10:47:51.694863, 298.0 
2024-11-08 10:47:51.695867, 298.0 
2024-11-08 10:47:51.696866, 298.0 
2024-11-08 10:47:51.776938, 298.0 
2024-11-08 10:47:51.776938, 298.0 
2024-11-08 10:47:51.777937, 298.0 
2024-11-08 10:47:51.778937, 298.0 
2024-11-08 10:47:51.778937, 298.0 
2024-11-08 10:47:51.826222, 298.0 
2024-11-08 10:47:51.827216, 298.0 
2024-11-08 10:47:51.828221, 298.0 
2024-11-08 10:47:51.828221, 297.0 
2024-11-08 10:47:51.829213, 298.0 
2024-11-08 10:47:51.872210, 297.0 
2024-11-08 10:47:51.872210, 298.0 
2024-11-08 10:47:51.872210, 298.0 
2024-11-08 10:47:51.872210, 297.0 
2024-11-08 10:47:51.872210, 298.0 
2024-11-08 10:47:51.929555, 297.0 
2024-11-08 10:47:51.930572, 298.0 
2024-11-08 10:47:51.930572, 298.0 
2024-11-08 10:47:51.931622, 297.0 
2024-11-08 10:47:51.931622, 298.0 
2024-11-08 10:47:51.970372, 298.0 
2024-11-08 10:47:51.970372, 297.0 
2024-11-08 10:47:51.970372, 298.0 
2024-11-08 10:47:51.970372, 297.0 
2024-11-08 10:47:51.992432, 298.0 
2024-11-08 10:47:52.032511, 298.0 
2024-11-08 10:47:52.032511, 298.0 
2024-11-08 10:47:52.032511, 298.0 
2024-11-08 10:47:52.032511, 298.0 
2024-11-08 10:47:52.057102, 298.0 
2024-11-08 10:47:52.101778, 298.0 
2024-11-08 10:47:52.101778, 298.0 
2024-11-08 10:47:52.102780, 297.0 
2024-11-08 10:47:52.107175, 298.0 
2024-11-08 10:47:52.115446, 298.0 
2024-11-08 10:47:52.169024, 298.0 
2024-11-08 10:47:52.170016, 298.0 
2024-11-08 10:47:52.170016, 298.0 
2024-11-08 10:47:52.170016, 298.0 
2024-11-08 10:47:52.180796, 298.0 
2024-11-08 10:47:52.231090, 298.0 
2024-11-08 10:47:52.231090, 298.0 
2024-11-08 10:47:52.231090, 298.0 
2024-11-08 10:47:52.231090, 298.0 
2024-11-08 10:47:52.231090, 298.0 
2024-11-08 10:47:52.294993, 298.0 
2024-11-08 10:47:52.298348, 298.0 
2024-11-08 10:47:52.299355, 297.0 
2024-11-08 10:47:52.299355, 298.0 
2024-11-08 10:47:52.307809, 298.0 
2024-11-08 10:47:52.346568, 298.0 
2024-11-08 10:47:52.346568, 298.0 
2024-11-08 10:47:52.346568, 298.0 
2024-11-08 10:47:52.346568, 298.0 
2024-11-08 10:47:52.362252, 297.0 
2024-11-08 10:47:52.401552, 298.0 
2024-11-08 10:47:52.401552, 297.0 
2024-11-08 10:47:52.401552, 298.0 
2024-11-08 10:47:52.417789, 297.0 
2024-11-08 10:47:52.430667, 298.0 
2024-11-08 10:47:52.506600, 297.0 
2024-11-08 10:47:52.506600, 298.0 
2024-11-08 10:47:52.507601, 298.0 
2024-11-08 10:47:52.507601, 297.0 
2024-11-08 10:47:52.508601, 297.0 
2024-11-08 10:47:52.548294, 298.0 
2024-11-08 10:47:52.548294, 297.0 
2024-11-08 10:47:52.548294, 298.0 
2024-11-08 10:47:52.548294, 297.0 
2024-11-08 10:47:52.548294, 297.0 
2024-11-08 10:47:52.604325, 297.0 
2024-11-08 10:47:52.604325, 298.0 
2024-11-08 10:47:52.604325, 298.0 
2024-11-08 10:47:52.604325, 298.0 
2024-11-08 10:47:52.618793, 298.0 
2024-11-08 10:47:52.695669, 298.0 
2024-11-08 10:47:52.695669, 298.0 
2024-11-08 10:47:52.695669, 298.0 
2024-11-08 10:47:52.695669, 298.0 
2024-11-08 10:47:52.695669, 298.0 
2024-11-08 10:47:52.751298, 298.0 
2024-11-08 10:47:52.751298, 298.0 
2024-11-08 10:47:52.752222, 297.0 
2024-11-08 10:47:52.753359, 298.0 
2024-11-08 10:47:52.754305, 298.0 
2024-11-08 10:47:52.797121, 297.0 
2024-11-08 10:47:52.797121, 298.0 
2024-11-08 10:47:52.797121, 297.0 
2024-11-08 10:47:52.797121, 297.0 
2024-11-08 10:47:52.797121, 298.0 
2024-11-08 10:47:52.848349, 297.0 
2024-11-08 10:47:52.848349, 298.0 
2024-11-08 10:47:52.848349, 297.0 
2024-11-08 10:47:52.848349, 297.0 
2024-11-08 10:47:52.868910, 297.0 
2024-11-08 10:47:52.942661, 297.0 
2024-11-08 10:47:52.943662, 297.0 
2024-11-08 10:47:52.943662, 298.0 
2024-11-08 10:47:52.944983, 297.0 
2024-11-08 10:47:52.944983, 298.0 
2024-11-08 10:47:52.994066, 298.0 
2024-11-08 10:47:52.995041, 297.0 
2024-11-08 10:47:52.996065, 297.0 
2024-11-08 10:47:52.996065, 297.0 
2024-11-08 10:47:52.997062, 298.0 
2024-11-08 10:47:53.048258, 298.0 
2024-11-08 10:47:53.048258, 298.0 
2024-11-08 10:47:53.049381, 298.0 
2024-11-08 10:47:53.049381, 298.0 
2024-11-08 10:47:53.057271, 298.0 
2024-11-08 10:47:53.113745, 298.0 
2024-11-08 10:47:53.113745, 298.0 
2024-11-08 10:47:53.113745, 298.0 
2024-11-08 10:47:53.122189, 298.0 
2024-11-08 10:47:53.122189, 298.0 
2024-11-08 10:47:53.173219, 298.0 
2024-11-08 10:47:53.173219, 298.0 
2024-11-08 10:47:53.173219, 297.0 
2024-11-08 10:47:53.173219, 298.0 
2024-11-08 10:47:53.178735, 298.0 
2024-11-08 10:47:53.231803, 297.0 
2024-11-08 10:47:53.231803, 298.0 
2024-11-08 10:47:53.245771, 298.0 
2024-11-08 10:47:53.245771, 298.0 
2024-11-08 10:47:53.245771, 297.0 
2024-11-08 10:47:53.288363, 297.0 
2024-11-08 10:47:53.289357, 297.0 
2024-11-08 10:47:53.289357, 298.0 
2024-11-08 10:47:53.294474, 298.0 
2024-11-08 10:47:53.306260, 298.0 
2024-11-08 10:47:53.345998, 298.0 
2024-11-08 10:47:53.345998, 298.0 
2024-11-08 10:47:53.345998, 297.0 
2024-11-08 10:47:53.345998, 298.0 
2024-11-08 10:47:53.367998, 297.0 
2024-11-08 10:47:53.431193, 297.0 
2024-11-08 10:47:53.432255, 297.0 
2024-11-08 10:47:53.432840, 298.0 
2024-11-08 10:47:53.432840, 297.0 
2024-11-08 10:47:53.432840, 298.0 
2024-11-08 10:47:53.489520, 297.0 
2024-11-08 10:47:53.490513, 297.0 
2024-11-08 10:47:53.490513, 298.0 
2024-11-08 10:47:53.491513, 298.0 
2024-11-08 10:47:53.491513, 297.0 
2024-11-08 10:47:53.523419, 298.0 
2024-11-08 10:47:53.531923, 298.0 
2024-11-08 10:47:53.532922, 298.0 
2024-11-08 10:47:53.532922, 298.0 
2024-11-08 10:47:53.548457, 297.0 
2024-11-08 10:47:53.624911, 298.0 
2024-11-08 10:47:53.625913, 298.0 
2024-11-08 10:47:53.626913, 298.0 
2024-11-08 10:47:53.627913, 297.0 
2024-11-08 10:47:53.628912, 298.0 
2024-11-08 10:47:53.678944, 298.0 
2024-11-08 10:47:53.678944, 297.0 
2024-11-08 10:47:53.678944, 297.0 
2024-11-08 10:47:53.678944, 298.0 
2024-11-08 10:47:53.678944, 298.0 
2024-11-08 10:47:53.732038, 297.0 
2024-11-08 10:47:53.732038, 297.0 
2024-11-08 10:47:53.732038, 298.0 
2024-11-08 10:47:53.732038, 298.0 
2024-11-08 10:47:53.732038, 298.0 
2024-11-08 10:47:53.782173, 297.0 
2024-11-08 10:47:53.782173, 298.0 
2024-11-08 10:47:53.782173, 298.0 
2024-11-08 10:47:53.782173, 298.0 
2024-11-08 10:47:53.806792, 298.0 
2024-11-08 10:47:53.864478, 298.0 
2024-11-08 10:47:53.865544, 297.0 
2024-11-08 10:47:53.865544, 298.0 
2024-11-08 10:47:53.865544, 298.0 
2024-11-08 10:47:53.865544, 299.0 
2024-11-08 10:47:53.916782, 298.0 
2024-11-08 10:47:53.916782, 298.0 
2024-11-08 10:47:53.917775, 298.0 
2024-11-08 10:47:53.917775, 298.0 
2024-11-08 10:47:53.928822, 299.0 
2024-11-08 10:47:53.979035, 298.0 
2024-11-08 10:47:53.979035, 298.0 
2024-11-08 10:47:53.979035, 298.0 
2024-11-08 10:47:53.979035, 297.0 
2024-11-08 10:47:53.979035, 298.0 
2024-11-08 10:47:54.037680, 298.0 
2024-11-08 10:47:54.038711, 297.0 
2024-11-08 10:47:54.038711, 297.0 
2024-11-08 10:47:54.044446, 298.0 
2024-11-08 10:47:54.056449, 298.0 
2024-11-08 10:47:54.112569, 298.0 
2024-11-08 10:47:54.112569, 297.0 
2024-11-08 10:47:54.112569, 298.0 
2024-11-08 10:47:54.112569, 298.0 
2024-11-08 10:47:54.112569, 298.0 
2024-11-08 10:47:54.186869, 298.0 
2024-11-08 10:47:54.187860, 298.0 
2024-11-08 10:47:54.188861, 297.0 
2024-11-08 10:47:54.188861, 298.0 
2024-11-08 10:47:54.190285, 298.0 
2024-11-08 10:47:54.271194, 297.0 
2024-11-08 10:47:54.272196, 298.0 
2024-11-08 10:47:54.272196, 297.0 
2024-11-08 10:47:54.272196, 297.0 
2024-11-08 10:47:54.272196, 297.0 
2024-11-08 10:47:54.310805, 298.0 
2024-11-08 10:47:54.311798, 297.0 
2024-11-08 10:47:54.311798, 297.0 
2024-11-08 10:47:54.311798, 297.0 
2024-11-08 10:47:54.312798, 298.0 
2024-11-08 10:47:54.357342, 298.0 
2024-11-08 10:47:54.358348, 297.0 
2024-11-08 10:47:54.358348, 298.0 
2024-11-08 10:47:54.358348, 298.0 
2024-11-08 10:47:54.367655, 298.0 
2024-11-08 10:47:54.413628, 298.0 
2024-11-08 10:47:54.413628, 298.0 
2024-11-08 10:47:54.413628, 298.0 
2024-11-08 10:47:54.417965, 298.0 
2024-11-08 10:47:54.418598, 298.0 
2024-11-08 10:47:54.464514, 298.0 
2024-11-08 10:47:54.464514, 298.0 
2024-11-08 10:47:54.464514, 298.0 
2024-11-08 10:47:54.464514, 298.0 
2024-11-08 10:47:54.494074, 297.0 
2024-11-08 10:47:54.532226, 298.0 
2024-11-08 10:47:54.532226, 298.0 
2024-11-08 10:47:54.537011, 298.0 
2024-11-08 10:47:54.537011, 298.0 
2024-11-08 10:47:54.547031, 298.0 
2024-11-08 10:47:54.606191, 298.0 
2024-11-08 10:47:54.606191, 297.0 
2024-11-08 10:47:54.607184, 298.0 
2024-11-08 10:47:54.607184, 297.0 
2024-11-08 10:47:54.617192, 298.0 
2024-11-08 10:47:54.664402, 298.0 
2024-11-08 10:47:54.679014, 298.0 
2024-11-08 10:47:54.679014, 298.0 
2024-11-08 10:47:54.680314, 298.0 
2024-11-08 10:47:54.680314, 298.0 
2024-11-08 10:47:54.722941, 298.0 
2024-11-08 10:47:54.723951, 298.0 
2024-11-08 10:47:54.723951, 298.0 
2024-11-08 10:47:54.728536, 298.0 
2024-11-08 10:47:54.744625, 298.0 
2024-11-08 10:47:54.790341, 299.0 
2024-11-08 10:47:54.790341, 298.0 
2024-11-08 10:47:54.791342, 298.0 
2024-11-08 10:47:54.793887, 298.0 
2024-11-08 10:47:54.806185, 298.0 
2024-11-08 10:47:54.861593, 298.0 
2024-11-08 10:47:54.861593, 298.0 
2024-11-08 10:47:54.861593, 298.0 
2024-11-08 10:47:54.861593, 298.0 
2024-11-08 10:47:54.861593, 298.0 
2024-11-08 10:47:54.914766, 298.0 
2024-11-08 10:47:54.914766, 298.0 
2024-11-08 10:47:54.914766, 299.0 
2024-11-08 10:47:54.914766, 298.0 
2024-11-08 10:47:54.914766, 298.0 
2024-11-08 10:47:54.965609, 298.0 
2024-11-08 10:47:54.965609, 298.0 
2024-11-08 10:47:54.965609, 298.0 
2024-11-08 10:47:54.981116, 297.0 
2024-11-08 10:47:54.981116, 298.0 
2024-11-08 10:47:55.040893, 298.0 
2024-11-08 10:47:55.040893, 297.0 
2024-11-08 10:47:55.041778, 298.0 
2024-11-08 10:47:55.043736, 298.0 
2024-11-08 10:47:55.048077, 297.0 
2024-11-08 10:47:55.110673, 298.0 
2024-11-08 10:47:55.110673, 298.0 
2024-11-08 10:47:55.110673, 298.0 
2024-11-08 10:47:55.110673, 297.0 
2024-11-08 10:47:55.110673, 298.0 
2024-11-08 10:47:55.189822, 298.0 
2024-11-08 10:47:55.191822, 298.0 
2024-11-08 10:47:55.191822, 297.0 
2024-11-08 10:47:55.192829, 298.0 
2024-11-08 10:47:55.193831, 298.0 
2024-11-08 10:47:55.252097, 298.0 
2024-11-08 10:47:55.252097, 298.0 
2024-11-08 10:47:55.252097, 298.0 
2024-11-08 10:47:55.252097, 298.0 
2024-11-08 10:47:55.252097, 298.0 
2024-11-08 10:47:55.313749, 298.0 
2024-11-08 10:47:55.313749, 298.0 
2024-11-08 10:47:55.313749, 297.0 
2024-11-08 10:47:55.313749, 298.0 
2024-11-08 10:47:55.313749, 297.0 
2024-11-08 10:47:55.365172, 297.0 
2024-11-08 10:47:55.365172, 298.0 
2024-11-08 10:47:55.365172, 298.0 
2024-11-08 10:47:55.365172, 298.0 
2024-11-08 10:47:55.365172, 298.0 
2024-11-08 10:47:55.446948, 297.0 
2024-11-08 10:47:55.452870, 298.0 
2024-11-08 10:47:55.453571, 297.0 
2024-11-08 10:47:55.454470, 297.0 
2024-11-08 10:47:55.454470, 298.0 
2024-11-08 10:47:55.502513, 297.0 
2024-11-08 10:47:55.503515, 297.0 
2024-11-08 10:47:55.504573, 297.0 
2024-11-08 10:47:55.504573, 297.0 
2024-11-08 10:47:55.505586, 297.0 
2024-11-08 10:47:55.570852, 297.0 
2024-11-08 10:47:55.571851, 297.0 
2024-11-08 10:47:55.571851, 297.0 
2024-11-08 10:47:55.571851, 297.0 
2024-11-08 10:47:55.572851, 296.0 
2024-11-08 10:47:55.630094, 297.0 
2024-11-08 10:47:55.630094, 297.0 
2024-11-08 10:47:55.630094, 297.0 
2024-11-08 10:47:55.630094, 297.0 
2024-11-08 10:47:55.630094, 297.0 
2024-11-08 10:47:55.681670, 297.0 
2024-11-08 10:47:55.681670, 296.0 
2024-11-08 10:47:55.682781, 296.0 
2024-11-08 10:47:55.682781, 297.0 
2024-11-08 10:47:55.682781, 297.0 
2024-11-08 10:47:55.716015, 297.0 
2024-11-08 10:47:55.716015, 297.0 
2024-11-08 10:47:55.716015, 297.0 
2024-11-08 10:47:55.731635, 297.0 
2024-11-08 10:47:55.843775, 297.0 
2024-11-08 10:47:55.846218, 297.0 
2024-11-08 10:47:55.846218, 297.0 
2024-11-08 10:47:55.848217, 297.0 
2024-11-08 10:47:55.849268, 297.0 
2024-11-08 10:47:55.923363, 297.0 
2024-11-08 10:47:55.924726, 297.0 
2024-11-08 10:47:55.925728, 297.0 
2024-11-08 10:47:55.926726, 297.0 
2024-11-08 10:47:55.927044, 297.0 
2024-11-08 10:47:55.996008, 297.0 
2024-11-08 10:47:55.996008, 297.0 
2024-11-08 10:47:55.996008, 297.0 
2024-11-08 10:47:55.996008, 297.0 
2024-11-08 10:47:55.996008, 297.0 
2024-11-08 10:47:56.059178, 297.0 
2024-11-08 10:47:56.060179, 297.0 
2024-11-08 10:47:56.060179, 297.0 
2024-11-08 10:47:56.061168, 297.0 
2024-11-08 10:47:56.061168, 297.0 
2024-11-08 10:47:56.097922, 297.0 
2024-11-08 10:47:56.113637, 297.0 
2024-11-08 10:47:56.115723, 297.0 
2024-11-08 10:47:56.115723, 297.0 
2024-11-08 10:47:56.115723, 297.0 
2024-11-08 10:47:56.179161, 297.0 
2024-11-08 10:47:56.180074, 297.0 
2024-11-08 10:47:56.180074, 297.0 
2024-11-08 10:47:56.181749, 297.0 
2024-11-08 10:47:56.183790, 297.0 
2024-11-08 10:47:56.266981, 298.0 
2024-11-08 10:47:56.267867, 297.0 
2024-11-08 10:47:56.267867, 297.0 
2024-11-08 10:47:56.268911, 296.0 
2024-11-08 10:47:56.269910, 297.0 
2024-11-08 10:47:56.314733, 297.0 
2024-11-08 10:47:56.314733, 297.0 
2024-11-08 10:47:56.314733, 297.0 
2024-11-08 10:47:56.314733, 297.0 
2024-11-08 10:47:56.314733, 297.0 
2024-11-08 10:47:56.365760, 297.0 
2024-11-08 10:47:56.365760, 297.0 
2024-11-08 10:47:56.365760, 297.0 
2024-11-08 10:47:56.365760, 297.0 
2024-11-08 10:47:56.381389, 297.0 
2024-11-08 10:47:56.432792, 297.0 
2024-11-08 10:47:56.432792, 298.0 
2024-11-08 10:47:56.432792, 297.0 
2024-11-08 10:47:56.432792, 297.0 
2024-11-08 10:47:56.432792, 297.0 
2024-11-08 10:47:56.498796, 297.0 
2024-11-08 10:47:56.499801, 297.0 
2024-11-08 10:47:56.501800, 297.0 
2024-11-08 10:47:56.501800, 297.0 
2024-11-08 10:47:56.502802, 297.0 
2024-11-08 10:47:56.563529, 296.0 
2024-11-08 10:47:56.563529, 297.0 
2024-11-08 10:47:56.563529, 297.0 
2024-11-08 10:47:56.563529, 297.0 
2024-11-08 10:47:56.563529, 297.0 
2024-11-08 10:47:56.617637, 297.0 
2024-11-08 10:47:56.618638, 297.0 
2024-11-08 10:47:56.619638, 297.0 
2024-11-08 10:47:56.620636, 297.0 
2024-11-08 10:47:56.620636, 296.0 
2024-11-08 10:47:56.664522, 297.0 
2024-11-08 10:47:56.664522, 297.0 
2024-11-08 10:47:56.680153, 297.0 
2024-11-08 10:47:56.680153, 297.0 
2024-11-08 10:47:56.680153, 297.0 
2024-11-08 10:47:56.741666, 298.0 
2024-11-08 10:47:56.741666, 297.0 
2024-11-08 10:47:56.742667, 297.0 
2024-11-08 10:47:56.742667, 297.0 
2024-11-08 10:47:56.742667, 297.0 
2024-11-08 10:47:56.796263, 297.0 
2024-11-08 10:47:56.796263, 297.0 
2024-11-08 10:47:56.796263, 297.0 
2024-11-08 10:47:56.797347, 297.0 
2024-11-08 10:47:56.798446, 297.0 
2024-11-08 10:47:56.856581, 297.0 
2024-11-08 10:47:56.856581, 298.0 
2024-11-08 10:47:56.856581, 296.0 
2024-11-08 10:47:56.856581, 298.0 
2024-11-08 10:47:56.856581, 298.0 
2024-11-08 10:47:56.919738, 298.0 
2024-11-08 10:47:56.919738, 298.0 
2024-11-08 10:47:56.920638, 298.0 
2024-11-08 10:47:56.920638, 298.0 
2024-11-08 10:47:56.921637, 298.0 
2024-11-08 10:47:56.964770, 298.0 
2024-11-08 10:47:56.964770, 299.0 
2024-11-08 10:47:56.964770, 298.0 
2024-11-08 10:47:56.964770, 298.0 
2024-11-08 10:47:56.964770, 298.0 
2024-11-08 10:47:57.035764, 297.0 
2024-11-08 10:47:57.036757, 298.0 
2024-11-08 10:47:57.036757, 297.0 
2024-11-08 10:47:57.036757, 297.0 
2024-11-08 10:47:57.037762, 298.0 
2024-11-08 10:47:57.080507, 298.0 
2024-11-08 10:47:57.080507, 298.0 
2024-11-08 10:47:57.080507, 297.0 
2024-11-08 10:47:57.080507, 297.0 
2024-11-08 10:47:57.090792, 297.0 
2024-11-08 10:47:57.146909, 298.0 
2024-11-08 10:47:57.149256, 297.0 
2024-11-08 10:47:57.151241, 298.0 
2024-11-08 10:47:57.153248, 298.0 
2024-11-08 10:47:57.154249, 298.0 
2024-11-08 10:47:57.245255, 298.0 
2024-11-08 10:47:57.245255, 298.0 
2024-11-08 10:47:57.245255, 298.0 
2024-11-08 10:47:57.248506, 298.0 
2024-11-08 10:47:57.248506, 297.0 
2024-11-08 10:47:57.300267, 298.0 
2024-11-08 10:47:57.301266, 297.0 
2024-11-08 10:47:57.301266, 298.0 
2024-11-08 10:47:57.302266, 298.0 
2024-11-08 10:47:57.303275, 297.0 
2024-11-08 10:47:57.355230, 297.0 
2024-11-08 10:47:57.356231, 298.0 
2024-11-08 10:47:57.356231, 297.0 
2024-11-08 10:47:57.357232, 298.0 
2024-11-08 10:47:57.357232, 297.0 
2024-11-08 10:47:57.409450, 297.0 
2024-11-08 10:47:57.409450, 298.0 
2024-11-08 10:47:57.410459, 297.0 
2024-11-08 10:47:57.410459, 298.0 
2024-11-08 10:47:57.410459, 297.0 
2024-11-08 10:47:57.462472, 297.0 
2024-11-08 10:47:57.462472, 298.0 
2024-11-08 10:47:57.462472, 298.0 
2024-11-08 10:47:57.462472, 298.0 
2024-11-08 10:47:57.462472, 298.0 
2024-11-08 10:47:57.515528, 298.0 
2024-11-08 10:47:57.531803, 298.0 
2024-11-08 10:47:57.532821, 297.0 
2024-11-08 10:47:57.533830, 297.0 
2024-11-08 10:47:57.533830, 297.0 
2024-11-08 10:47:57.584343, 298.0 
2024-11-08 10:47:57.584343, 297.0 
2024-11-08 10:47:57.584343, 298.0 
2024-11-08 10:47:57.584343, 298.0 
2024-11-08 10:47:57.584343, 298.0 
2024-11-08 10:47:57.663449, 298.0 
2024-11-08 10:47:57.663449, 297.0 
2024-11-08 10:47:57.663449, 297.0 
2024-11-08 10:47:57.663449, 297.0 
2024-11-08 10:47:57.663449, 297.0 
2024-11-08 10:47:57.720950, 298.0 
2024-11-08 10:47:57.720950, 297.0 
2024-11-08 10:47:57.721954, 298.0 
2024-11-08 10:47:57.721954, 297.0 
2024-11-08 10:47:57.722964, 297.0 
2024-11-08 10:47:57.763860, 297.0 
2024-11-08 10:47:57.763860, 297.0 
2024-11-08 10:47:57.763860, 297.0 
2024-11-08 10:47:57.763860, 298.0 
2024-11-08 10:47:57.763860, 297.0 
2024-11-08 10:47:57.820202, 298.0 
2024-11-08 10:47:57.821212, 297.0 
2024-11-08 10:47:57.821212, 297.0 
2024-11-08 10:47:57.822259, 298.0 
2024-11-08 10:47:57.822259, 298.0 
2024-11-08 10:47:57.868068, 298.0 
2024-11-08 10:47:57.869061, 298.0 
2024-11-08 10:47:57.870073, 297.0 
2024-11-08 10:47:57.870073, 298.0 
2024-11-08 10:47:57.871009, 298.0 
2024-11-08 10:47:57.941457, 298.0 
2024-11-08 10:47:57.942457, 298.0 
2024-11-08 10:47:57.943458, 298.0 
2024-11-08 10:47:57.943458, 298.0 
2024-11-08 10:47:57.943458, 298.0 
2024-11-08 10:47:57.999433, 298.0 
2024-11-08 10:47:57.999433, 298.0 
2024-11-08 10:47:57.999433, 297.0 
2024-11-08 10:47:57.999433, 297.0 
2024-11-08 10:47:57.999433, 298.0 
2024-11-08 10:47:58.049367, 298.0 
2024-11-08 10:47:58.049367, 297.0 
2024-11-08 10:47:58.049367, 298.0 
2024-11-08 10:47:58.049367, 297.0 
2024-11-08 10:47:58.049367, 297.0 
2024-11-08 10:47:58.099107, 298.0 
2024-11-08 10:47:58.112867, 297.0 
2024-11-08 10:47:58.113996, 298.0 
2024-11-08 10:47:58.114835, 298.0 
2024-11-08 10:47:58.115459, 298.0 
2024-11-08 10:47:58.176896, 298.0 
2024-11-08 10:47:58.176896, 298.0 
2024-11-08 10:47:58.176896, 298.0 
2024-11-08 10:47:58.177896, 298.0 
2024-11-08 10:47:58.180457, 298.0 
2024-11-08 10:47:58.261577, 299.0 
2024-11-08 10:47:58.261577, 297.0 
2024-11-08 10:47:58.261577, 297.0 
2024-11-08 10:47:58.261577, 299.0 
2024-11-08 10:47:58.261577, 297.0 
2024-11-08 10:47:58.323672, 297.0 
2024-11-08 10:47:58.323672, 297.0 
2024-11-08 10:47:58.324667, 297.0 
2024-11-08 10:47:58.324667, 297.0 
2024-11-08 10:47:58.325666, 297.0 
2024-11-08 10:47:58.373066, 297.0 
2024-11-08 10:47:58.373066, 298.0 
2024-11-08 10:47:58.374404, 298.0 
2024-11-08 10:47:58.374404, 298.0 
2024-11-08 10:47:58.374404, 298.0 
2024-11-08 10:47:58.422731, 297.0 
2024-11-08 10:47:58.422731, 298.0 
2024-11-08 10:47:58.424111, 297.0 
2024-11-08 10:47:58.424111, 297.0 
2024-11-08 10:47:58.430448, 298.0 
2024-11-08 10:47:58.479773, 297.0 
2024-11-08 10:47:58.494568, 298.0 
2024-11-08 10:47:58.494568, 298.0 
2024-11-08 10:47:58.494568, 298.0 
2024-11-08 10:47:58.495982, 298.0 
2024-11-08 10:47:58.555387, 297.0 
2024-11-08 10:47:58.555387, 297.0 
2024-11-08 10:47:58.556379, 298.0 
2024-11-08 10:47:58.556379, 298.0 
2024-11-08 10:47:58.556379, 298.0 
2024-11-08 10:47:58.619905, 297.0 
2024-11-08 10:47:58.620904, 298.0 
2024-11-08 10:47:58.620904, 298.0 
2024-11-08 10:47:58.620904, 298.0 
2024-11-08 10:47:58.621903, 297.0 
2024-11-08 10:47:58.691037, 297.0 
2024-11-08 10:47:58.691037, 297.0 
2024-11-08 10:47:58.692037, 298.0 
2024-11-08 10:47:58.692037, 297.0 
2024-11-08 10:47:58.695975, 298.0 
2024-11-08 10:47:58.746436, 297.0 
2024-11-08 10:47:58.746436, 298.0 
2024-11-08 10:47:58.747436, 297.0 
2024-11-08 10:47:58.747436, 298.0 
2024-11-08 10:47:58.748172, 297.0 
2024-11-08 10:47:58.804861, 297.0 
2024-11-08 10:47:58.805861, 298.0 
2024-11-08 10:47:58.806857, 297.0 
2024-11-08 10:47:58.806857, 298.0 
2024-11-08 10:47:58.807861, 297.0 
2024-11-08 10:47:58.849168, 298.0 
2024-11-08 10:47:58.849168, 298.0 
2024-11-08 10:47:58.849168, 297.0 
2024-11-08 10:47:58.849168, 297.0 
2024-11-08 10:47:58.864747, 298.0 
2024-11-08 10:47:58.915222, 297.0 
2024-11-08 10:47:58.917318, 298.0 
2024-11-08 10:47:58.917318, 298.0 
2024-11-08 10:47:58.918891, 298.0 
2024-11-08 10:47:58.929911, 298.0 
2024-11-08 10:47:58.980634, 298.0 
2024-11-08 10:47:58.981627, 298.0 
2024-11-08 10:47:58.981627, 298.0 
2024-11-08 10:47:58.982627, 298.0 
2024-11-08 10:47:58.991987, 298.0 
2024-11-08 10:47:59.049915, 297.0 
2024-11-08 10:47:59.049915, 297.0 
2024-11-08 10:47:59.049915, 297.0 
2024-11-08 10:47:59.049915, 298.0 
2024-11-08 10:47:59.049915, 298.0 
2024-11-08 10:47:59.101393, 298.0 
2024-11-08 10:47:59.101393, 297.0 
2024-11-08 10:47:59.101393, 297.0 
2024-11-08 10:47:59.101393, 298.0 
2024-11-08 10:47:59.116069, 298.0 
2024-11-08 10:47:59.183530, 298.0 
2024-11-08 10:47:59.183530, 298.0 
2024-11-08 10:47:59.183530, 298.0 
2024-11-08 10:47:59.183530, 298.0 
2024-11-08 10:47:59.183530, 298.0 
2024-11-08 10:47:59.266190, 297.0 
2024-11-08 10:47:59.266190, 298.0 
2024-11-08 10:47:59.266190, 298.0 
2024-11-08 10:47:59.266190, 298.0 
2024-11-08 10:47:59.266190, 298.0 
2024-11-08 10:47:59.349601, 298.0 
2024-11-08 10:47:59.349601, 297.0 
2024-11-08 10:47:59.349601, 297.0 
2024-11-08 10:47:59.349601, 298.0 
2024-11-08 10:47:59.349601, 297.0 
2024-11-08 10:47:59.407291, 298.0 
2024-11-08 10:47:59.407291, 298.0 
2024-11-08 10:47:59.407291, 298.0 
2024-11-08 10:47:59.407291, 298.0 
2024-11-08 10:47:59.415032, 298.0 
2024-11-08 10:47:59.448614, 297.0 
2024-11-08 10:47:59.448614, 298.0 
2024-11-08 10:47:59.448614, 297.0 
2024-11-08 10:47:59.448614, 298.0 
2024-11-08 10:47:59.464238, 298.0 
2024-11-08 10:47:59.515752, 298.0 
2024-11-08 10:47:59.516308, 298.0 
2024-11-08 10:47:59.516308, 298.0 
2024-11-08 10:47:59.518043, 298.0 
2024-11-08 10:47:59.518043, 298.0 
2024-11-08 11:17:14.915891, 408.0 
2024-11-08 11:17:14.923790, 408.0 
2024-11-08 11:17:14.938906, 408.0 
2024-11-08 11:17:14.947914, 407.0 
2024-11-08 11:17:14.963551, 407.0 
2024-11-08 11:17:15.009680, 407.0 
2024-11-08 11:17:15.010680, 407.0 
2024-11-08 11:17:15.010680, 406.0 
2024-11-08 11:17:15.020594, 406.0 
2024-11-08 11:17:15.033605, 405.0 
2024-11-08 11:17:15.064898, 405.0 
2024-11-08 11:17:15.064898, 404.0 
2024-11-08 11:17:15.064898, 404.0 
2024-11-08 11:17:15.080521, 403.0 
2024-11-08 11:17:15.094739, 403.0 
2024-11-08 11:17:15.118865, 403.0 
2024-11-08 11:17:15.119859, 403.0 
2024-11-08 11:17:15.131864, 402.0 
2024-11-08 11:17:15.143600, 402.0 
2024-11-08 11:17:15.150795, 402.0 
2024-11-08 11:17:15.182448, 401.0 
2024-11-08 11:17:15.182448, 400.0 
2024-11-08 11:17:15.182448, 400.0 
2024-11-08 11:17:15.204824, 399.0 
2024-11-08 11:17:15.217457, 399.0 
2024-11-08 11:17:15.241337, 399.0 
2024-11-08 11:17:15.242457, 398.0 
2024-11-08 11:17:15.248785, 398.0 
2024-11-08 11:17:15.264412, 398.0 
2024-11-08 11:17:15.280313, 397.0 
2024-11-08 11:17:15.311584, 397.0 
2024-11-08 11:17:15.311584, 396.0 
2024-11-08 11:17:15.324546, 396.0 
2024-11-08 11:17:15.332377, 396.0 
2024-11-08 11:17:15.336826, 395.0 
2024-11-08 11:17:15.398012, 395.0 
2024-11-08 11:17:15.398012, 394.0 
2024-11-08 11:17:15.398012, 394.0 
2024-11-08 11:17:15.398012, 394.0 
2024-11-08 11:17:15.398012, 393.0 
2024-11-08 11:17:15.457357, 393.0 
2024-11-08 11:17:15.457357, 393.0 
2024-11-08 11:17:15.458357, 392.0 
2024-11-08 11:17:15.458357, 392.0 
2024-11-08 11:17:15.467708, 391.0 
2024-11-08 11:17:15.514253, 391.0 
2024-11-08 11:17:15.526266, 391.0 
2024-11-08 11:17:15.526266, 390.0 
2024-11-08 11:17:15.526266, 390.0 
2024-11-08 11:17:15.530284, 390.0 
2024-11-08 11:17:15.569734, 389.0 
2024-11-08 11:17:15.570727, 389.0 
2024-11-08 11:17:15.570727, 389.0 
2024-11-08 11:17:15.582361, 389.0 
2024-11-08 11:17:15.594022, 388.0 
2024-11-08 11:17:15.631442, 388.0 
2024-11-08 11:17:15.631442, 388.0 
2024-11-08 11:17:15.631442, 387.0 
2024-11-08 11:17:15.631442, 387.0 
2024-11-08 11:17:15.655760, 387.0 
2024-11-08 11:17:15.694228, 386.0 
2024-11-08 11:17:15.695238, 385.0 
2024-11-08 11:17:15.695238, 385.0 
2024-11-08 11:17:15.704765, 385.0 
2024-11-08 11:17:15.716004, 385.0 
2024-11-08 11:17:15.747285, 384.0 
2024-11-08 11:17:15.747285, 384.0 
2024-11-08 11:17:15.747285, 384.0 
2024-11-08 11:17:15.762913, 383.0 
2024-11-08 11:17:15.782578, 383.0 
2024-11-08 11:17:15.800076, 383.0 
2024-11-08 11:17:15.800076, 382.0 
2024-11-08 11:17:15.819875, 382.0 
2024-11-08 11:17:15.831871, 382.0 
2024-11-08 11:17:15.844331, 381.0 
2024-11-08 11:17:15.866512, 381.0 
2024-11-08 11:17:15.868592, 381.0 
2024-11-08 11:17:15.881012, 380.0 
2024-11-08 11:17:15.893280, 380.0 
2024-11-08 11:17:15.899646, 380.0 
2024-11-08 11:17:15.920772, 379.0 
2024-11-08 11:17:15.920772, 379.0 
2024-11-08 11:17:15.931281, 379.0 
2024-11-08 11:17:15.954698, 379.0 
2024-11-08 11:17:15.965800, 378.0 
2024-11-08 11:17:16.000955, 378.0 
2024-11-08 11:17:16.000955, 378.0 
2024-11-08 11:17:16.008335, 377.0 
2024-11-08 11:17:16.016151, 377.0 
2024-11-08 11:17:16.031742, 377.0 
2024-11-08 11:17:16.047444, 376.0 
2024-11-08 11:17:16.047444, 376.0 
2024-11-08 11:17:16.069812, 375.0 
2024-11-08 11:17:16.078352, 375.0 
2024-11-08 11:17:16.089489, 375.0 
2024-11-08 11:17:16.132386, 374.0 
2024-11-08 11:17:16.132386, 374.0 
2024-11-08 11:17:16.132386, 374.0 
2024-11-08 11:17:16.132386, 373.0 
2024-11-08 11:17:16.148017, 373.0 
2024-11-08 11:17:16.194899, 373.0 
2024-11-08 11:17:16.194899, 372.0 
2024-11-08 11:17:16.199764, 372.0 
2024-11-08 11:17:16.204776, 371.0 
2024-11-08 11:17:16.216333, 371.0 
2024-11-08 11:17:16.250652, 372.0 
2024-11-08 11:17:16.250652, 371.0 
2024-11-08 11:17:16.250652, 371.0 
2024-11-08 11:17:16.266372, 370.0 
2024-11-08 11:17:16.282004, 370.0 
2024-11-08 11:17:16.302651, 370.0 
2024-11-08 11:17:16.302651, 369.0 
2024-11-08 11:17:16.319350, 369.0 
2024-11-08 11:17:16.331906, 369.0 
2024-11-08 11:17:16.344110, 369.0 
2024-11-08 11:17:16.365906, 369.0 
2024-11-08 11:17:16.365906, 368.0 
2024-11-08 11:17:16.381577, 368.0 
2024-11-08 11:17:16.381577, 368.0 
2024-11-08 11:17:16.405295, 367.0 
2024-11-08 11:17:16.439324, 367.0 
2024-11-08 11:17:16.439324, 367.0 
2024-11-08 11:17:16.442654, 366.0 
2024-11-08 11:17:16.449457, 366.0 
2024-11-08 11:17:16.465091, 366.0 
2024-11-08 11:17:16.496407, 366.0 
2024-11-08 11:17:16.496407, 366.0 
2024-11-08 11:17:16.496407, 365.0 
2024-11-08 11:17:16.512038, 365.0 
2024-11-08 11:17:16.532544, 364.0 
2024-11-08 11:17:16.580230, 364.0 
2024-11-08 11:17:16.581230, 364.0 
2024-11-08 11:17:16.582473, 364.0 
2024-11-08 11:17:16.582473, 363.0 
2024-11-08 11:17:16.582473, 363.0 
2024-11-08 11:17:16.632487, 363.0 
2024-11-08 11:17:16.632487, 363.0 
2024-11-08 11:17:16.633820, 362.0 
2024-11-08 11:17:16.636523, 361.0 
2024-11-08 11:17:16.655423, 362.0 
2024-11-08 11:17:16.677350, 361.0 
2024-11-08 11:17:16.679280, 361.0 
2024-11-08 11:17:16.683499, 361.0 
2024-11-08 11:17:16.699135, 360.0 
2024-11-08 11:17:16.714827, 360.0 
2024-11-08 11:17:16.740194, 360.0 
2024-11-08 11:17:16.744336, 359.0 
2024-11-08 11:17:16.757538, 359.0 
2024-11-08 11:17:16.770016, 359.0 
2024-11-08 11:17:16.782384, 358.0 
2024-11-08 11:17:16.808891, 359.0 
2024-11-08 11:17:16.808891, 358.0 
2024-11-08 11:17:16.818716, 358.0 
2024-11-08 11:17:16.831712, 358.0 
2024-11-08 11:17:16.832935, 357.0 
2024-11-08 11:17:16.870596, 357.0 
2024-11-08 11:17:16.871588, 357.0 
2024-11-08 11:17:16.880732, 357.0 
2024-11-08 11:17:16.893007, 357.0 
2024-11-08 11:17:16.898860, 356.0 
2024-11-08 11:17:16.929522, 356.0 
2024-11-08 11:17:16.929522, 356.0 
2024-11-08 11:17:16.929522, 356.0 
2024-11-08 11:17:16.945223, 355.0 
2024-11-08 11:17:16.964430, 354.0 
2024-11-08 11:17:17.007944, 355.0 
2024-11-08 11:17:17.008944, 354.0 
2024-11-08 11:17:17.008944, 354.0 
2024-11-08 11:17:17.019275, 354.0 
2024-11-08 11:17:17.032188, 354.0 
2024-11-08 11:17:17.083848, 353.0 
2024-11-08 11:17:17.084848, 353.0 
2024-11-08 11:17:17.084848, 353.0 
2024-11-08 11:17:17.085850, 353.0 
2024-11-08 11:17:17.093174, 353.0 
2024-11-08 11:17:17.125744, 352.0 
2024-11-08 11:17:17.125744, 352.0 
2024-11-08 11:17:17.130676, 352.0 
2024-11-08 11:17:17.142872, 352.0 
2024-11-08 11:17:17.148935, 351.0 
2024-11-08 11:17:17.185326, 351.0 
2024-11-08 11:17:17.185326, 351.0 
2024-11-08 11:17:17.191327, 350.0 
2024-11-08 11:17:17.200648, 350.0 
2024-11-08 11:17:17.215820, 350.0 
2024-11-08 11:17:17.238221, 349.0 
2024-11-08 11:17:17.245397, 349.0 
2024-11-08 11:17:17.257120, 349.0 
2024-11-08 11:17:17.266130, 349.0 
2024-11-08 11:17:17.281794, 349.0 
2024-11-08 11:17:17.315503, 349.0 
2024-11-08 11:17:17.315503, 348.0 
2024-11-08 11:17:17.317041, 348.0 
2024-11-08 11:17:17.317041, 348.0 
2024-11-08 11:17:17.342735, 347.0 
2024-11-08 11:17:17.366320, 347.0 
2024-11-08 11:17:17.366320, 346.0 
2024-11-08 11:17:17.366320, 347.0 
2024-11-08 11:17:17.382453, 347.0 
2024-11-08 11:17:17.397957, 346.0 
2024-11-08 11:17:17.433363, 346.0 
2024-11-08 11:17:17.434359, 346.0 
2024-11-08 11:17:17.442035, 346.0 
2024-11-08 11:17:17.454392, 346.0 
2024-11-08 11:17:17.465942, 346.0 
2024-11-08 11:17:17.514008, 345.0 
2024-11-08 11:17:17.514008, 345.0 
2024-11-08 11:17:17.514008, 345.0 
2024-11-08 11:17:17.514008, 345.0 
2024-11-08 11:17:17.531974, 345.0 
2024-11-08 11:17:17.559828, 344.0 
2024-11-08 11:17:17.560825, 344.0 
2024-11-08 11:17:17.568809, 344.0 
2024-11-08 11:17:17.581063, 344.0 
2024-11-08 11:17:17.583060, 344.0 
2024-11-08 11:17:17.629991, 343.0 
2024-11-08 11:17:17.629991, 343.0 
2024-11-08 11:17:17.629991, 343.0 
2024-11-08 11:17:17.629991, 343.0 
2024-11-08 11:17:17.654891, 343.0 
2024-11-08 11:17:17.665881, 342.0 
2024-11-08 11:17:17.665881, 342.0 
2024-11-08 11:17:17.691811, 342.0 
2024-11-08 11:17:17.703263, 342.0 
2024-11-08 11:17:17.716263, 342.0 
2024-11-08 11:17:17.738485, 341.0 
2024-11-08 11:17:17.739949, 341.0 
2024-11-08 11:17:17.757035, 341.0 
2024-11-08 11:17:17.768628, 341.0 
2024-11-08 11:17:17.781761, 341.0 
2024-11-08 11:17:17.849236, 341.0 
2024-11-08 11:17:17.849236, 340.0 
2024-11-08 11:17:17.849236, 340.0 
2024-11-08 11:17:17.849236, 340.0 
2024-11-08 11:17:17.849236, 339.0 
2024-11-08 11:17:17.889547, 339.0 
2024-11-08 11:17:17.890564, 339.0 
2024-11-08 11:17:17.890564, 339.0 
2024-11-08 11:17:17.892547, 339.0 
2024-11-08 11:17:17.904357, 338.0 
2024-11-08 11:17:17.931105, 338.0 
2024-11-08 11:17:17.932286, 338.0 
2024-11-08 11:17:17.939032, 337.0 
2024-11-08 11:17:17.950309, 338.0 
2024-11-08 11:17:17.965560, 337.0 
2024-11-08 11:17:17.992453, 337.0 
2024-11-08 11:17:17.994058, 337.0 
2024-11-08 11:17:18.001970, 336.0 
2024-11-08 11:17:18.015993, 337.0 
2024-11-08 11:17:18.031286, 336.0 
2024-11-08 11:17:18.062308, 336.0 
2024-11-08 11:17:18.062308, 336.0 
2024-11-08 11:17:18.067680, 335.0 
2024-11-08 11:17:18.080682, 336.0 
2024-11-08 11:17:18.082690, 336.0 
2024-11-08 11:17:18.130445, 335.0 
2024-11-08 11:17:18.130445, 335.0 
2024-11-08 11:17:18.130445, 335.0 
2024-11-08 11:17:18.137741, 335.0 
2024-11-08 11:17:18.153657, 335.0 
2024-11-08 11:17:18.183191, 334.0 
2024-11-08 11:17:18.183191, 334.0 
2024-11-08 11:17:18.190834, 334.0 
2024-11-08 11:17:18.203632, 333.0 
2024-11-08 11:17:18.216121, 333.0 
2024-11-08 11:17:18.247454, 333.0 
2024-11-08 11:17:18.247454, 333.0 
2024-11-08 11:17:18.247454, 333.0 
2024-11-08 11:17:18.269122, 332.0 
2024-11-08 11:17:18.280461, 332.0 
2024-11-08 11:17:18.323683, 333.0 
2024-11-08 11:17:18.323683, 332.0 
2024-11-08 11:17:18.324331, 332.0 
2024-11-08 11:17:18.330774, 332.0 
2024-11-08 11:17:18.333115, 331.0 
2024-11-08 11:17:18.395605, 331.0 
2024-11-08 11:17:18.395605, 331.0 
2024-11-08 11:17:18.395605, 330.0 
2024-11-08 11:17:18.395605, 331.0 
2024-11-08 11:17:18.399127, 331.0 
2024-11-08 11:17:18.431109, 331.0 
2024-11-08 11:17:18.432272, 330.0 
2024-11-08 11:17:18.432941, 330.0 
2024-11-08 11:17:18.453485, 330.0 
2024-11-08 11:17:18.469978, 329.0 
2024-11-08 11:17:18.530105, 330.0 
2024-11-08 11:17:18.530105, 329.0 
2024-11-08 11:17:18.530105, 329.0 
2024-11-08 11:17:18.530105, 329.0 
2024-11-08 11:17:18.530105, 329.0 
2024-11-08 11:17:18.561964, 329.0 
2024-11-08 11:17:18.561964, 328.0 
2024-11-08 11:17:18.567866, 329.0 
2024-11-08 11:17:18.579866, 329.0 
2024-11-08 11:17:18.582149, 329.0 
2024-11-08 11:17:18.619729, 328.0 
2024-11-08 11:17:18.619729, 328.0 
2024-11-08 11:17:18.628897, 328.0 
2024-11-08 11:17:18.641883, 328.0 
2024-11-08 11:17:18.649516, 328.0 
2024-11-08 11:17:18.679657, 328.0 
2024-11-08 11:17:18.679657, 327.0 
2024-11-08 11:17:18.679657, 327.0 
2024-11-08 11:17:18.703400, 327.0 
2024-11-08 11:17:18.719467, 327.0 
2024-11-08 11:17:18.742204, 327.0 
2024-11-08 11:17:18.744254, 327.0 
2024-11-08 11:17:18.756370, 327.0 
2024-11-08 11:17:18.766615, 326.0 
2024-11-08 11:17:18.766615, 326.0 
2024-11-08 11:17:18.812669, 326.0 
2024-11-08 11:17:18.812669, 326.0 
2024-11-08 11:17:18.816629, 326.0 
2024-11-08 11:17:18.819097, 325.0 
2024-11-08 11:17:18.840350, 326.0 
2024-11-08 11:17:18.871613, 326.0 
2024-11-08 11:17:18.871613, 325.0 
2024-11-08 11:17:18.879433, 325.0 
2024-11-08 11:17:18.883708, 325.0 
2024-11-08 11:17:18.899339, 324.0 
2024-11-08 11:17:18.927580, 325.0 
2024-11-08 11:17:18.927580, 325.0 
2024-11-08 11:17:18.940707, 324.0 
2024-11-08 11:17:18.957232, 324.0 
2024-11-08 11:17:18.966470, 323.0 
2024-11-08 11:17:19.006087, 323.0 
2024-11-08 11:17:19.006087, 324.0 
2024-11-08 11:17:19.006087, 323.0 
2024-11-08 11:17:19.018439, 323.0 
2024-11-08 11:17:19.024702, 323.0 
2024-11-08 11:17:19.065897, 323.0 
2024-11-08 11:17:19.065897, 323.0 
2024-11-08 11:17:19.065897, 322.0 
2024-11-08 11:17:19.071696, 322.0 
2024-11-08 11:17:19.081709, 322.0 
2024-11-08 11:17:19.121976, 322.0 
2024-11-08 11:17:19.121976, 321.0 
2024-11-08 11:17:19.128981, 322.0 
2024-11-08 11:17:19.141028, 321.0 
2024-11-08 11:17:19.149238, 322.0 
2024-11-08 11:17:19.184497, 321.0 
2024-11-08 11:17:19.184497, 321.0 
2024-11-08 11:17:19.190128, 321.0 
2024-11-08 11:17:19.200238, 321.0 
2024-11-08 11:17:19.215870, 321.0 
2024-11-08 11:17:19.247589, 321.0 
2024-11-08 11:17:19.247589, 321.0 
2024-11-08 11:17:19.247589, 321.0 
2024-11-08 11:17:19.268506, 320.0 
2024-11-08 11:17:19.274330, 320.0 
2024-11-08 11:17:19.307010, 321.0 
2024-11-08 11:17:19.307010, 320.0 
2024-11-08 11:17:19.317689, 320.0 
2024-11-08 11:17:19.329691, 320.0 
2024-11-08 11:17:19.332743, 320.0 
2024-11-08 11:17:19.372600, 320.0 
2024-11-08 11:17:19.373600, 319.0 
2024-11-08 11:17:19.379187, 320.0 
2024-11-08 11:17:19.391631, 319.0 
2024-11-08 11:17:19.399748, 319.0 
2024-11-08 11:17:19.462317, 320.0 
2024-11-08 11:17:19.462317, 319.0 
2024-11-08 11:17:19.462317, 320.0 
2024-11-08 11:17:19.462317, 320.0 
2024-11-08 11:17:19.462317, 319.0 
2024-11-08 11:17:19.502627, 319.0 
2024-11-08 11:17:19.502627, 319.0 
2024-11-08 11:17:19.504813, 318.0 
2024-11-08 11:17:19.517605, 319.0 
2024-11-08 11:17:19.530617, 318.0 
2024-11-08 11:17:19.590260, 318.0 
2024-11-08 11:17:19.592258, 318.0 
2024-11-08 11:17:19.594257, 318.0 
2024-11-08 11:17:19.595627, 317.0 
2024-11-08 11:17:19.596368, 317.0 
2024-11-08 11:17:19.637529, 317.0 
2024-11-08 11:17:19.638529, 317.0 
2024-11-08 11:17:19.639529, 317.0 
2024-11-08 11:17:19.641379, 317.0 
2024-11-08 11:17:19.650688, 317.0 
2024-11-08 11:17:19.690108, 317.0 
2024-11-08 11:17:19.690108, 317.0 
2024-11-08 11:17:19.693539, 317.0 
2024-11-08 11:17:19.705943, 316.0 
2024-11-08 11:17:19.719126, 316.0 
2024-11-08 11:17:19.747975, 316.0 
2024-11-08 11:17:19.747975, 316.0 
2024-11-08 11:17:19.755294, 316.0 
2024-11-08 11:17:19.763799, 316.0 
2024-11-08 11:17:19.779531, 316.0 
2024-11-08 11:17:19.802988, 316.0 
2024-11-08 11:17:19.805128, 315.0 
2024-11-08 11:17:19.816657, 315.0 
2024-11-08 11:17:19.829654, 315.0 
2024-11-08 11:17:19.833446, 315.0 
2024-11-08 11:17:19.882767, 315.0 
2024-11-08 11:17:19.882767, 315.0 
2024-11-08 11:17:19.882767, 315.0 
2024-11-08 11:17:19.882767, 315.0 
2024-11-08 11:17:19.901821, 314.0 
2024-11-08 11:17:19.915810, 314.0 
2024-11-08 11:17:19.915810, 314.0 
2024-11-08 11:17:19.944287, 314.0 
2024-11-08 11:17:19.956245, 314.0 
2024-11-08 11:17:19.967059, 314.0 
2024-11-08 11:17:19.997700, 314.0 
2024-11-08 11:17:19.997700, 313.0 
2024-11-08 11:17:19.997700, 313.0 
2024-11-08 11:17:20.017960, 313.0 
2024-11-08 11:17:20.025908, 312.0 
2024-11-08 11:17:20.052877, 313.0 
2024-11-08 11:17:20.054885, 312.0 
2024-11-08 11:17:20.066801, 313.0 
2024-11-08 11:17:20.078808, 313.0 
2024-11-08 11:17:20.083006, 313.0 
2024-11-08 11:17:20.120501, 312.0 
2024-11-08 11:17:20.121503, 312.0 
2024-11-08 11:17:20.128597, 312.0 
2024-11-08 11:17:20.140479, 312.0 
2024-11-08 11:17:20.149489, 312.0 
2024-11-08 11:17:20.180810, 312.0 
2024-11-08 11:17:20.180810, 312.0 
2024-11-08 11:17:20.180810, 312.0 
2024-11-08 11:17:20.197593, 311.0 
2024-11-08 11:17:20.218538, 312.0 
2024-11-08 11:17:20.246376, 311.0 
2024-11-08 11:17:20.246376, 311.0 
2024-11-08 11:17:20.255580, 311.0 
2024-11-08 11:17:20.267016, 310.0 
2024-11-08 11:17:20.280213, 311.0 
2024-11-08 11:17:20.315695, 311.0 
2024-11-08 11:17:20.315695, 310.0 
2024-11-08 11:17:20.315695, 311.0 
2024-11-08 11:17:20.315695, 310.0 
2024-11-08 11:17:20.339884, 310.0 
2024-11-08 11:17:20.370588, 310.0 
2024-11-08 11:17:20.371566, 309.0 
2024-11-08 11:17:20.378459, 310.0 
2024-11-08 11:17:20.390454, 310.0 
2024-11-08 11:17:20.399792, 309.0 
2024-11-08 11:17:20.446659, 309.0 
2024-11-08 11:17:20.446659, 309.0 
2024-11-08 11:17:20.446659, 308.0 
2024-11-08 11:17:20.446659, 309.0 
2024-11-08 11:17:20.468392, 309.0 
2024-11-08 11:17:20.482822, 309.0 
2024-11-08 11:17:20.482822, 308.0 
2024-11-08 11:17:20.505539, 308.0 
2024-11-08 11:17:20.517778, 308.0 
2024-11-08 11:17:20.529783, 308.0 
2024-11-08 11:17:20.560031, 307.0 
2024-11-08 11:17:20.560031, 308.0 
2024-11-08 11:17:20.566168, 307.0 
2024-11-08 11:17:20.579163, 307.0 
2024-11-08 11:17:20.591431, 307.0 
2024-11-08 11:17:20.615620, 306.0 
2024-11-08 11:17:20.615620, 306.0 
2024-11-08 11:17:20.621265, 307.0 
2024-11-08 11:17:20.633389, 307.0 
2024-11-08 11:17:20.647405, 307.0 
2024-11-08 11:17:20.676100, 306.0 
2024-11-08 11:17:20.681437, 306.0 
2024-11-08 11:17:20.693834, 306.0 
2024-11-08 11:17:20.705980, 306.0 
2024-11-08 11:17:20.715629, 306.0 
2024-11-08 11:17:20.761984, 306.0 
2024-11-08 11:17:20.761984, 306.0 
2024-11-08 11:17:20.761984, 306.0 
2024-11-08 11:17:20.761984, 305.0 
2024-11-08 11:17:20.777600, 305.0 
2024-11-08 11:17:20.803188, 305.0 
2024-11-08 11:17:20.803188, 305.0 
2024-11-08 11:17:20.816686, 305.0 
2024-11-08 11:17:20.828239, 305.0 
2024-11-08 11:17:20.841258, 305.0 
2024-11-08 11:17:20.881689, 305.0 
2024-11-08 11:17:20.881689, 305.0 
2024-11-08 11:17:20.881689, 305.0 
2024-11-08 11:17:20.889816, 305.0 
2024-11-08 11:17:20.900008, 305.0 
2024-11-08 11:17:20.916437, 305.0 
2024-11-08 11:17:20.931299, 305.0 
2024-11-08 11:17:20.943769, 305.0 
2024-11-08 11:17:20.956036, 305.0 
2024-11-08 11:17:20.966627, 304.0 
2024-11-08 11:17:21.012798, 304.0 
2024-11-08 11:17:21.012798, 305.0 
2024-11-08 11:17:21.013651, 304.0 
2024-11-08 11:17:21.016549, 305.0 
2024-11-08 11:17:21.029044, 304.0 
2024-11-08 11:17:21.048932, 305.0 
2024-11-08 11:17:21.064444, 305.0 
2024-11-08 11:17:21.064444, 305.0 
2024-11-08 11:17:21.064444, 305.0 
2024-11-08 11:17:21.080089, 305.0 
2024-11-08 11:17:21.131560, 305.0 
2024-11-08 11:17:21.131560, 305.0 
2024-11-08 11:17:21.132456, 304.0 
2024-11-08 11:17:21.140238, 304.0 
2024-11-08 11:17:21.150430, 304.0 
2024-11-08 11:17:21.183994, 304.0 
2024-11-08 11:17:21.197499, 303.0 
2024-11-08 11:17:21.197499, 304.0 
2024-11-08 11:17:21.204895, 304.0 
2024-11-08 11:17:21.217443, 304.0 
2024-11-08 11:17:21.245494, 304.0 
2024-11-08 11:17:21.245494, 304.0 
2024-11-08 11:17:21.254934, 304.0 
2024-11-08 11:17:21.266893, 304.0 
2024-11-08 11:17:21.278718, 304.0 
2024-11-08 11:17:21.304402, 304.0 
2024-11-08 11:17:21.312876, 303.0 
2024-11-08 11:17:21.315569, 303.0 
2024-11-08 11:17:21.328702, 303.0 
2024-11-08 11:17:21.340223, 303.0 
2024-11-08 11:17:21.389392, 302.0 
2024-11-08 11:17:21.390402, 303.0 
2024-11-08 11:17:21.391392, 303.0 
2024-11-08 11:17:21.392475, 303.0 
2024-11-08 11:17:21.401897, 303.0 
2024-11-08 11:17:21.450790, 302.0 
2024-11-08 11:17:21.450790, 303.0 
2024-11-08 11:17:21.450790, 302.0 
2024-11-08 11:17:21.450790, 302.0 
2024-11-08 11:17:21.467016, 302.0 
2024-11-08 11:17:21.500903, 302.0 
2024-11-08 11:17:21.516040, 302.0 
2024-11-08 11:17:21.516040, 301.0 
2024-11-08 11:17:21.517164, 302.0 
2024-11-08 11:17:21.517514, 302.0 
2024-11-08 11:17:21.556323, 301.0 
2024-11-08 11:17:21.556323, 301.0 
2024-11-08 11:17:21.565654, 301.0 
2024-11-08 11:17:21.567431, 301.0 
2024-11-08 11:17:21.583879, 301.0 
2024-11-08 11:17:21.634043, 301.0 
2024-11-08 11:17:21.634043, 301.0 
2024-11-08 11:17:21.634043, 301.0 
2024-11-08 11:17:21.634043, 301.0 
2024-11-08 11:17:21.652160, 301.0 
2024-11-08 11:17:21.684022, 301.0 
2024-11-08 11:17:21.684022, 301.0 
2024-11-08 11:17:21.684022, 301.0 
2024-11-08 11:17:21.700262, 300.0 
2024-11-08 11:17:21.717148, 301.0 
2024-11-08 11:17:21.749925, 300.0 
2024-11-08 11:17:21.749925, 300.0 
2024-11-08 11:17:21.749925, 301.0 
2024-11-08 11:17:21.766799, 300.0 
2024-11-08 11:17:21.773759, 300.0 
2024-11-08 11:17:21.799795, 300.0 
2024-11-08 11:17:21.799795, 300.0 
2024-11-08 11:17:21.816226, 300.0 
2024-11-08 11:17:21.816226, 300.0 
2024-11-08 11:17:21.834293, 299.0 
2024-11-08 11:17:21.873003, 300.0 
2024-11-08 11:17:21.873003, 300.0 
2024-11-08 11:17:21.876938, 300.0 
2024-11-08 11:17:21.882356, 300.0 
2024-11-08 11:17:21.899363, 299.0 
2024-11-08 11:17:21.915870, 300.0 
2024-11-08 11:17:21.915870, 299.0 
2024-11-08 11:17:21.932945, 300.0 
2024-11-08 11:17:21.949853, 299.0 
2024-11-08 11:17:21.966804, 300.0 
2024-11-08 11:17:21.998234, 299.0 
2024-11-08 11:17:21.999175, 299.0 
2024-11-08 11:17:21.999936, 299.0 
2024-11-08 11:17:22.016147, 299.0 
2024-11-08 11:17:22.016147, 299.0 
2024-11-08 11:17:22.072395, 298.0 
2024-11-08 11:17:22.072395, 300.0 
2024-11-08 11:17:22.072395, 299.0 
2024-11-08 11:17:22.077395, 299.0 
2024-11-08 11:17:22.082109, 299.0 
2024-11-08 11:17:22.125072, 299.0 
2024-11-08 11:17:22.126098, 299.0 
2024-11-08 11:17:22.127320, 299.0 
2024-11-08 11:17:22.139610, 298.0 
2024-11-08 11:17:22.150160, 298.0 
2024-11-08 11:17:22.206022, 298.0 
2024-11-08 11:17:22.207070, 298.0 
2024-11-08 11:17:22.207070, 298.0 
2024-11-08 11:17:22.207070, 298.0 
2024-11-08 11:17:22.216918, 298.0 
2024-11-08 11:17:22.257992, 298.0 
2024-11-08 11:17:22.258392, 297.0 
2024-11-08 11:17:22.258898, 297.0 
2024-11-08 11:17:22.266278, 298.0 
2024-11-08 11:17:22.266278, 298.0 
2024-11-08 11:17:22.313185, 298.0 
2024-11-08 11:17:22.313185, 297.0 
2024-11-08 11:17:22.318007, 298.0 
2024-11-08 11:17:22.327531, 298.0 
2024-11-08 11:17:22.339681, 298.0 
2024-11-08 11:17:22.388548, 298.0 
2024-11-08 11:17:22.388548, 298.0 
2024-11-08 11:17:22.389547, 297.0 
2024-11-08 11:17:22.390544, 297.0 
2024-11-08 11:17:22.405285, 298.0 
2024-11-08 11:17:22.452594, 297.0 
2024-11-08 11:17:22.452594, 297.0 
2024-11-08 11:17:22.452594, 297.0 
2024-11-08 11:17:22.454611, 297.0 
2024-11-08 11:17:22.467001, 297.0 
2024-11-08 11:17:22.512212, 296.0 
2024-11-08 11:17:22.512212, 297.0 
2024-11-08 11:17:22.512212, 297.0 
2024-11-08 11:17:22.515550, 297.0 
2024-11-08 11:17:22.528593, 297.0 
2024-11-08 11:17:22.556702, 296.0 
2024-11-08 11:17:22.556702, 296.0 
2024-11-08 11:17:22.565430, 296.0 
2024-11-08 11:17:22.577835, 296.0 
2024-11-08 11:17:22.589853, 296.0 
2024-11-08 11:17:22.646136, 296.0 
2024-11-08 11:17:22.646136, 296.0 
2024-11-08 11:17:22.646136, 296.0 
2024-11-08 11:17:22.646136, 296.0 
2024-11-08 11:17:22.646136, 296.0 
2024-11-08 11:17:22.703314, 296.0 
2024-11-08 11:17:22.704315, 296.0 
2024-11-08 11:17:22.705315, 296.0 
2024-11-08 11:17:22.705315, 296.0 
2024-11-08 11:17:22.716391, 296.0 
2024-11-08 11:17:22.748572, 296.0 
2024-11-08 11:17:22.748572, 295.0 
2024-11-08 11:17:22.748572, 296.0 
2024-11-08 11:17:22.765751, 295.0 
2024-11-08 11:17:22.774643, 295.0 
2024-11-08 11:17:22.806901, 295.0 
2024-11-08 11:17:22.806901, 294.0 
2024-11-08 11:17:22.814431, 295.0 
2024-11-08 11:17:22.827274, 295.0 
2024-11-08 11:17:22.833344, 294.0 
2024-11-08 11:17:22.864678, 294.0 
2024-11-08 11:17:22.870856, 294.0 
2024-11-08 11:17:22.876936, 294.0 
2024-11-08 11:17:22.892741, 295.0 
2024-11-08 11:17:22.904625, 294.0 
2024-11-08 11:17:22.947263, 294.0 
2024-11-08 11:17:22.947263, 294.0 
2024-11-08 11:17:22.947263, 293.0 
2024-11-08 11:17:22.947263, 294.0 
2024-11-08 11:17:22.963631, 294.0 
2024-11-08 11:17:22.990799, 293.0 
2024-11-08 11:17:22.990799, 294.0 
2024-11-08 11:17:23.003998, 294.0 
2024-11-08 11:17:23.016127, 294.0 
2024-11-08 11:17:23.028376, 293.0 
2024-11-08 11:17:23.080402, 294.0 
2024-11-08 11:17:23.080402, 294.0 
2024-11-08 11:17:23.080402, 294.0 
2024-11-08 11:17:23.080402, 294.0 
2024-11-08 11:17:23.080402, 293.0 
2024-11-08 11:17:23.116438, 294.0 
2024-11-08 11:17:23.116438, 294.0 
2024-11-08 11:17:23.116438, 294.0 
2024-11-08 11:17:23.143040, 293.0 
2024-11-08 11:17:23.155333, 293.0 
2024-11-08 11:17:23.197694, 293.0 
2024-11-08 11:17:23.197694, 292.0 
2024-11-08 11:17:23.197694, 294.0 
2024-11-08 11:17:23.197694, 293.0 
2024-11-08 11:17:23.216517, 294.0 
2024-11-08 11:17:23.252931, 294.0 
2024-11-08 11:17:23.253924, 293.0 
2024-11-08 11:17:23.253924, 294.0 
2024-11-08 11:17:23.265738, 294.0 
2024-11-08 11:17:23.277745, 294.0 
2024-11-08 11:17:23.298440, 294.0 
2024-11-08 11:17:23.298440, 294.0 
2024-11-08 11:17:23.314065, 294.0 
2024-11-08 11:17:23.327297, 294.0 
2024-11-08 11:17:23.339225, 294.0 
2024-11-08 11:17:23.382781, 294.0 
2024-11-08 11:17:23.382781, 294.0 
2024-11-08 11:17:23.382781, 294.0 
2024-11-08 11:17:23.382781, 294.0 
2024-11-08 11:17:23.398462, 294.0 
2024-11-08 11:17:23.429703, 294.0 
2024-11-08 11:17:23.429703, 293.0 
2024-11-08 11:17:23.441176, 294.0 
2024-11-08 11:17:23.450540, 294.0 
2024-11-08 11:17:23.466828, 294.0 
2024-11-08 11:17:23.500434, 293.0 
2024-11-08 11:17:23.500434, 294.0 
2024-11-08 11:17:23.500434, 293.0 
2024-11-08 11:17:23.515963, 294.0 
2024-11-08 11:17:23.515963, 294.0 
2024-11-08 11:17:23.561480, 293.0 
2024-11-08 11:17:23.562479, 293.0 
2024-11-08 11:17:23.564705, 294.0 
2024-11-08 11:17:23.567337, 293.0 
2024-11-08 11:17:23.589390, 294.0 
2024-11-08 11:17:23.616207, 294.0 
2024-11-08 11:17:23.616207, 294.0 
2024-11-08 11:17:23.631949, 294.0 
2024-11-08 11:17:23.647579, 294.0 
2024-11-08 11:17:23.691607, 294.0 
2024-11-08 11:17:23.691607, 293.0 
2024-11-08 11:17:23.691607, 294.0 
2024-11-08 11:17:23.703544, 294.0 
2024-11-08 11:17:23.715645, 294.0 
2024-11-08 11:17:23.751554, 294.0 
2024-11-08 11:17:23.751554, 293.0 
2024-11-08 11:17:23.751554, 293.0 
2024-11-08 11:17:23.763646, 293.0 
2024-11-08 11:17:23.777113, 293.0 
2024-11-08 11:17:23.800872, 293.0 
2024-11-08 11:17:23.800872, 293.0 
2024-11-08 11:17:23.800872, 293.0 
2024-11-08 11:17:23.826586, 293.0 
2024-11-08 11:17:23.839310, 292.0 
2024-11-08 11:17:23.917329, 293.0 
2024-11-08 11:17:23.917329, 292.0 
2024-11-08 11:17:23.917329, 293.0 
2024-11-08 11:17:23.917329, 293.0 
2024-11-08 11:17:23.917329, 293.0 
2024-11-08 11:17:23.969971, 292.0 
2024-11-08 11:17:23.969971, 293.0 
2024-11-08 11:17:23.969971, 293.0 
2024-11-08 11:17:23.969971, 293.0 
2024-11-08 11:17:23.969971, 293.0 
